passenger_id,passenger_arrival_time,origin_vertiport_id,destination_vertiport_id
1443,0.0,LAX,DTLA
1444,10.0,LAX,DTLA
1445,19.0,LAX,DTLA
1446,55.0,LAX,DTLA
1447,123.0,LAX,DTLA
1448,131.0,LAX,DTLA
1449,164.0,LAX,DTLA
1450,171.0,LAX,DTLA
1451,171.0,LAX,DTLA
1452,185.0,LAX,DTLA
1453,342.0,LAX,DTLA
0,369.0,DTLA,LAX
1,441.0,DTLA,LAX
2,521.0,DTLA,LAX
1454,716.0,LAX,DTLA
1455,792.0,LAX,DTLA
3,875.0,DTLA,LAX
1456,914.0,LAX,DTLA
1457,950.0,LAX,DTLA
1458,979.0,LAX,DTLA
1459,1018.0,LAX,DTLA
4,1033.0,DTLA,LAX
1460,1199.0,LAX,DTLA
5,1233.0,DTLA,LAX
1461,1272.0,LAX,DTLA
1462,1316.0,LAX,DTLA
1463,1545.0,LAX,DTLA
1464,1562.0,LAX,DTLA
1465,1563.0,LAX,DTLA
1466,1583.0,LAX,DTLA
1467,1661.0,LAX,DTLA
1468,1711.0,LAX,DTLA
1469,1859.0,LAX,DTLA
1470,1876.0,LAX,DTLA
1471,2428.0,LAX,DTLA
1472,2549.0,LAX,DTLA
1473,2656.0,LAX,DTLA
1474,2809.0,LAX,DTLA
1475,2838.0,LAX,DTLA
1476,2876.0,LAX,DTLA
1477,2881.0,LAX,DTLA
1478,2886.0,LAX,DTLA
1479,2910.0,LAX,DTLA
1480,2963.0,LAX,DTLA
1481,3156.0,LAX,DTLA
1482,3469.0,LAX,DTLA
1483,3591.0,LAX,DTLA
1484,4119.0,LAX,DTLA
1485,4145.0,LAX,DTLA
1486,4245.0,LAX,DTLA
1487,4358.0,LAX,DTLA
6,4504.0,DTLA,LAX
1488,5725.0,LAX,DTLA
1489,5780.0,LAX,DTLA
1490,6163.0,LAX,DTLA
1491,6248.0,LAX,DTLA
1492,6265.0,LAX,DTLA
1493,6397.0,LAX,DTLA
1494,6457.0,LAX,DTLA
1495,7030.0,LAX,DTLA
7,9766.0,DTLA,LAX
8,10035.0,DTLA,LAX
9,10178.0,DTLA,LAX
10,10289.0,DTLA,LAX
11,10413.0,DTLA,LAX
12,10622.0,DTLA,LAX
13,10798.0,DTLA,LAX
14,11439.0,DTLA,LAX
15,11535.0,DTLA,LAX
16,11651.0,DTLA,LAX
17,12050.0,DTLA,LAX
18,12158.0,DTLA,LAX
19,12234.0,DTLA,LAX
20,12238.0,DTLA,LAX
21,12286.0,DTLA,LAX
22,12432.0,DTLA,LAX
23,12638.0,DTLA,LAX
24,12666.0,DTLA,LAX
25,12787.0,DTLA,LAX
26,12959.0,DTLA,LAX
27,12998.0,DTLA,LAX
28,13073.0,DTLA,LAX
29,13276.0,DTLA,LAX
30,13345.0,DTLA,LAX
31,13492.0,DTLA,LAX
32,13568.0,DTLA,LAX
33,13596.0,DTLA,LAX
34,13713.0,DTLA,LAX
35,13859.0,DTLA,LAX
36,13881.0,DTLA,LAX
37,13979.0,DTLA,LAX
38,14015.0,DTLA,LAX
39,14056.0,DTLA,LAX
40,14356.0,DTLA,LAX
41,14358.0,DTLA,LAX
42,14508.0,DTLA,LAX
43,14520.0,DTLA,LAX
44,14528.0,DTLA,LAX
45,14555.0,DTLA,LAX
46,14624.0,DTLA,LAX
47,14630.0,DTLA,LAX
48,14639.0,DTLA,LAX
49,14649.0,DTLA,LAX
50,14677.0,DTLA,LAX
51,14912.0,DTLA,LAX
52,15010.0,DTLA,LAX
53,15092.0,DTLA,LAX
54,15199.0,DTLA,LAX
55,15343.0,DTLA,LAX
56,15513.0,DTLA,LAX
57,15618.0,DTLA,LAX
1496,15622.0,LAX,DTLA
1497,15640.0,LAX,DTLA
58,15696.0,DTLA,LAX
1498,15713.0,LAX,DTLA
59,15862.0,DTLA,LAX
60,15895.0,DTLA,LAX
61,16138.0,DTLA,LAX
62,16214.0,DTLA,LAX
63,16226.0,DTLA,LAX
64,16229.0,DTLA,LAX
65,16244.0,DTLA,LAX
66,16252.0,DTLA,LAX
67,16278.0,DTLA,LAX
68,16291.0,DTLA,LAX
69,16302.0,DTLA,LAX
70,16311.0,DTLA,LAX
71,16363.0,DTLA,LAX
72,16476.0,DTLA,LAX
73,16491.0,DTLA,LAX
74,16532.0,DTLA,LAX
75,16613.0,DTLA,LAX
76,16658.0,DTLA,LAX
77,16700.0,DTLA,LAX
78,16775.0,DTLA,LAX
79,16818.0,DTLA,LAX
80,16897.0,DTLA,LAX
81,16952.0,DTLA,LAX
82,16986.0,DTLA,LAX
84,17038.0,DTLA,LAX
83,17038.0,DTLA,LAX
85,17044.0,DTLA,LAX
86,17051.0,DTLA,LAX
87,17061.0,DTLA,LAX
88,17135.0,DTLA,LAX
89,17142.0,DTLA,LAX
90,17174.0,DTLA,LAX
91,17363.0,DTLA,LAX
92,17483.0,DTLA,LAX
93,17508.0,DTLA,LAX
94,17536.0,DTLA,LAX
95,17548.0,DTLA,LAX
96,17627.0,DTLA,LAX
97,17658.0,DTLA,LAX
98,17726.0,DTLA,LAX
99,17807.0,DTLA,LAX
100,17809.0,DTLA,LAX
101,17879.0,DTLA,LAX
102,17913.0,DTLA,LAX
103,17961.0,DTLA,LAX
104,17984.0,DTLA,LAX
105,18021.0,DTLA,LAX
106,18097.0,DTLA,LAX
107,18127.0,DTLA,LAX
108,18153.0,DTLA,LAX
109,18157.0,DTLA,LAX
110,18191.0,DTLA,LAX
111,18423.0,DTLA,LAX
112,18439.0,DTLA,LAX
113,18441.0,DTLA,LAX
114,18530.0,DTLA,LAX
115,18544.0,DTLA,LAX
116,18717.0,DTLA,LAX
117,18901.0,DTLA,LAX
118,18984.0,DTLA,LAX
119,19126.0,DTLA,LAX
120,19145.0,DTLA,LAX
121,19159.0,DTLA,LAX
122,19177.0,DTLA,LAX
123,19257.0,DTLA,LAX
124,19268.0,DTLA,LAX
125,19302.0,DTLA,LAX
126,19303.0,DTLA,LAX
127,19492.0,DTLA,LAX
128,19698.0,DTLA,LAX
129,19721.0,DTLA,LAX
130,19729.0,DTLA,LAX
131,19947.0,DTLA,LAX
1499,20005.0,LAX,DTLA
1500,20013.0,LAX,DTLA
132,20039.0,DTLA,LAX
133,20048.0,DTLA,LAX
134,20116.0,DTLA,LAX
135,20172.0,DTLA,LAX
136,20204.0,DTLA,LAX
137,20204.0,DTLA,LAX
138,20282.0,DTLA,LAX
139,20307.0,DTLA,LAX
140,20318.0,DTLA,LAX
141,20323.0,DTLA,LAX
142,20393.0,DTLA,LAX
143,20510.0,DTLA,LAX
144,20522.0,DTLA,LAX
145,20534.0,DTLA,LAX
146,20553.0,DTLA,LAX
147,20634.0,DTLA,LAX
148,20648.0,DTLA,LAX
149,20712.0,DTLA,LAX
150,20726.0,DTLA,LAX
151,20813.0,DTLA,LAX
152,20849.0,DTLA,LAX
153,20859.0,DTLA,LAX
154,20903.0,DTLA,LAX
155,20970.0,DTLA,LAX
156,20984.0,DTLA,LAX
157,21045.0,DTLA,LAX
158,21079.0,DTLA,LAX
159,21111.0,DTLA,LAX
160,21139.0,DTLA,LAX
161,21210.0,DTLA,LAX
162,21271.0,DTLA,LAX
163,21301.0,DTLA,LAX
164,21347.0,DTLA,LAX
165,21387.0,DTLA,LAX
166,21426.0,DTLA,LAX
167,21428.0,DTLA,LAX
168,21493.0,DTLA,LAX
169,21522.0,DTLA,LAX
170,21534.0,DTLA,LAX
171,21545.0,DTLA,LAX
172,21552.0,DTLA,LAX
173,21678.0,DTLA,LAX
174,21680.0,DTLA,LAX
1501,21704.0,LAX,DTLA
175,21719.0,DTLA,LAX
176,21739.0,DTLA,LAX
177,21779.0,DTLA,LAX
178,21794.0,DTLA,LAX
179,21804.0,DTLA,LAX
180,21825.0,DTLA,LAX
181,21851.0,DTLA,LAX
182,21857.0,DTLA,LAX
183,21931.0,DTLA,LAX
184,21931.0,DTLA,LAX
185,21943.0,DTLA,LAX
1502,21974.0,LAX,DTLA
1503,22037.0,LAX,DTLA
186,22083.0,DTLA,LAX
187,22193.0,DTLA,LAX
188,22203.0,DTLA,LAX
1504,22228.0,LAX,DTLA
189,22247.0,DTLA,LAX
190,22302.0,DTLA,LAX
191,22314.0,DTLA,LAX
192,22344.0,DTLA,LAX
193,22345.0,DTLA,LAX
194,22351.0,DTLA,LAX
195,22481.0,DTLA,LAX
196,22600.0,DTLA,LAX
197,22615.0,DTLA,LAX
198,22637.0,DTLA,LAX
199,22688.0,DTLA,LAX
1505,22774.0,LAX,DTLA
200,22848.0,DTLA,LAX
201,22866.0,DTLA,LAX
202,22870.0,DTLA,LAX
203,22876.0,DTLA,LAX
204,22932.0,DTLA,LAX
1506,22939.0,LAX,DTLA
205,22972.0,DTLA,LAX
206,22985.0,DTLA,LAX
1507,23005.0,LAX,DTLA
207,23029.0,DTLA,LAX
1508,23064.0,LAX,DTLA
208,23130.0,DTLA,LAX
209,23132.0,DTLA,LAX
210,23209.0,DTLA,LAX
211,23239.0,DTLA,LAX
212,23259.0,DTLA,LAX
213,23263.0,DTLA,LAX
214,23328.0,DTLA,LAX
215,23353.0,DTLA,LAX
216,23372.0,DTLA,LAX
217,23431.0,DTLA,LAX
218,23452.0,DTLA,LAX
219,23454.0,DTLA,LAX
220,23477.0,DTLA,LAX
221,23516.0,DTLA,LAX
222,23599.0,DTLA,LAX
223,23647.0,DTLA,LAX
224,23664.0,DTLA,LAX
225,23704.0,DTLA,LAX
226,23705.0,DTLA,LAX
227,23766.0,DTLA,LAX
228,23828.0,DTLA,LAX
229,23836.0,DTLA,LAX
230,23876.0,DTLA,LAX
231,23887.0,DTLA,LAX
232,23902.0,DTLA,LAX
233,23909.0,DTLA,LAX
234,23929.0,DTLA,LAX
235,23932.0,DTLA,LAX
236,23936.0,DTLA,LAX
237,23953.0,DTLA,LAX
238,23963.0,DTLA,LAX
239,23978.0,DTLA,LAX
240,23990.0,DTLA,LAX
241,24081.0,DTLA,LAX
242,24087.0,DTLA,LAX
243,24101.0,DTLA,LAX
244,24107.0,DTLA,LAX
1509,24136.0,LAX,DTLA
1510,24182.0,LAX,DTLA
245,24222.0,DTLA,LAX
246,24240.0,DTLA,LAX
1511,24291.0,LAX,DTLA
247,24371.0,DTLA,LAX
248,24451.0,DTLA,LAX
1512,24497.0,LAX,DTLA
249,24498.0,DTLA,LAX
250,24520.0,DTLA,LAX
251,24528.0,DTLA,LAX
252,24596.0,DTLA,LAX
1513,24645.0,LAX,DTLA
253,24735.0,DTLA,LAX
254,24825.0,DTLA,LAX
255,24835.0,DTLA,LAX
256,24876.0,DTLA,LAX
1514,24895.0,LAX,DTLA
257,24908.0,DTLA,LAX
1515,24934.0,LAX,DTLA
1516,24941.0,LAX,DTLA
1517,24957.0,LAX,DTLA
258,24979.0,DTLA,LAX
259,24983.0,DTLA,LAX
260,25046.0,DTLA,LAX
261,25141.0,DTLA,LAX
262,25156.0,DTLA,LAX
263,25163.0,DTLA,LAX
264,25187.0,DTLA,LAX
265,25204.0,DTLA,LAX
266,25233.0,DTLA,LAX
267,25248.0,DTLA,LAX
268,25273.0,DTLA,LAX
269,25363.0,DTLA,LAX
270,25446.0,DTLA,LAX
271,25473.0,DTLA,LAX
272,25490.0,DTLA,LAX
273,25510.0,DTLA,LAX
274,25516.0,DTLA,LAX
1518,25521.0,LAX,DTLA
275,25536.0,DTLA,LAX
276,25583.0,DTLA,LAX
1519,25612.0,LAX,DTLA
277,25634.0,DTLA,LAX
278,25642.0,DTLA,LAX
1520,25649.0,LAX,DTLA
279,25650.0,DTLA,LAX
280,25706.0,DTLA,LAX
281,25718.0,DTLA,LAX
282,25749.0,DTLA,LAX
1521,25789.0,LAX,DTLA
283,25814.0,DTLA,LAX
284,25819.0,DTLA,LAX
285,25822.0,DTLA,LAX
286,25823.0,DTLA,LAX
287,25843.0,DTLA,LAX
288,25898.0,DTLA,LAX
289,25901.0,DTLA,LAX
290,25902.0,DTLA,LAX
291,25908.0,DTLA,LAX
292,25938.0,DTLA,LAX
1522,25999.0,LAX,DTLA
293,26024.0,DTLA,LAX
294,26059.0,DTLA,LAX
295,26123.0,DTLA,LAX
296,26180.0,DTLA,LAX
297,26229.0,DTLA,LAX
298,26233.0,DTLA,LAX
299,26325.0,DTLA,LAX
300,26341.0,DTLA,LAX
1523,26361.0,LAX,DTLA
301,26398.0,DTLA,LAX
302,26420.0,DTLA,LAX
303,26422.0,DTLA,LAX
304,26430.0,DTLA,LAX
305,26440.0,DTLA,LAX
306,26465.0,DTLA,LAX
307,26530.0,DTLA,LAX
308,26536.0,DTLA,LAX
309,26590.0,DTLA,LAX
310,26620.0,DTLA,LAX
311,26627.0,DTLA,LAX
312,26633.0,DTLA,LAX
313,26647.0,DTLA,LAX
314,26679.0,DTLA,LAX
1524,26697.0,LAX,DTLA
315,26712.0,DTLA,LAX
316,26722.0,DTLA,LAX
317,26729.0,DTLA,LAX
318,26758.0,DTLA,LAX
319,26796.0,DTLA,LAX
320,26806.0,DTLA,LAX
321,26823.0,DTLA,LAX
1525,26834.0,LAX,DTLA
322,26869.0,DTLA,LAX
323,26899.0,DTLA,LAX
324,26911.0,DTLA,LAX
325,26922.0,DTLA,LAX
326,26993.0,DTLA,LAX
327,27043.0,DTLA,LAX
328,27058.0,DTLA,LAX
329,27076.0,DTLA,LAX
330,27090.0,DTLA,LAX
331,27095.0,DTLA,LAX
332,27258.0,DTLA,LAX
333,27276.0,DTLA,LAX
1526,27334.0,LAX,DTLA
334,27340.0,DTLA,LAX
335,27370.0,DTLA,LAX
336,27383.0,DTLA,LAX
337,27405.0,DTLA,LAX
338,27412.0,DTLA,LAX
339,27460.0,DTLA,LAX
340,27462.0,DTLA,LAX
341,27505.0,DTLA,LAX
342,27511.0,DTLA,LAX
343,27519.0,DTLA,LAX
344,27526.0,DTLA,LAX
345,27528.0,DTLA,LAX
346,27570.0,DTLA,LAX
347,27689.0,DTLA,LAX
348,27739.0,DTLA,LAX
349,27776.0,DTLA,LAX
350,27851.0,DTLA,LAX
351,27950.0,DTLA,LAX
352,27955.0,DTLA,LAX
353,27978.0,DTLA,LAX
1527,27979.0,LAX,DTLA
354,28044.0,DTLA,LAX
355,28103.0,DTLA,LAX
356,28109.0,DTLA,LAX
357,28166.0,DTLA,LAX
358,28218.0,DTLA,LAX
359,28225.0,DTLA,LAX
360,28229.0,DTLA,LAX
361,28237.0,DTLA,LAX
362,28308.0,DTLA,LAX
363,28327.0,DTLA,LAX
364,28372.0,DTLA,LAX
365,28388.0,DTLA,LAX
1528,28388.0,LAX,DTLA
1529,28398.0,LAX,DTLA
1530,28482.0,LAX,DTLA
366,28485.0,DTLA,LAX
367,28498.0,DTLA,LAX
368,28529.0,DTLA,LAX
369,28532.0,DTLA,LAX
370,28560.0,DTLA,LAX
371,28640.0,DTLA,LAX
1531,28651.0,LAX,DTLA
372,28658.0,DTLA,LAX
373,28674.0,DTLA,LAX
374,28696.0,DTLA,LAX
1532,28728.0,LAX,DTLA
375,28736.0,DTLA,LAX
1533,28757.0,LAX,DTLA
376,28779.0,DTLA,LAX
377,28847.0,DTLA,LAX
1534,28870.0,LAX,DTLA
378,28873.0,DTLA,LAX
379,28880.0,DTLA,LAX
380,28882.0,DTLA,LAX
381,28903.0,DTLA,LAX
382,28934.0,DTLA,LAX
383,28955.0,DTLA,LAX
1535,28967.0,LAX,DTLA
384,28991.0,DTLA,LAX
385,29024.0,DTLA,LAX
386,29040.0,DTLA,LAX
387,29042.0,DTLA,LAX
388,29097.0,DTLA,LAX
389,29126.0,DTLA,LAX
390,29137.0,DTLA,LAX
391,29157.0,DTLA,LAX
392,29170.0,DTLA,LAX
393,29232.0,DTLA,LAX
1536,29235.0,LAX,DTLA
394,29262.0,DTLA,LAX
395,29271.0,DTLA,LAX
396,29310.0,DTLA,LAX
397,29336.0,DTLA,LAX
398,29343.0,DTLA,LAX
399,29375.0,DTLA,LAX
1537,29397.0,LAX,DTLA
400,29399.0,DTLA,LAX
1538,29422.0,LAX,DTLA
1539,29439.0,LAX,DTLA
401,29457.0,DTLA,LAX
402,29489.0,DTLA,LAX
403,29499.0,DTLA,LAX
404,29514.0,DTLA,LAX
405,29539.0,DTLA,LAX
406,29541.0,DTLA,LAX
1540,29598.0,LAX,DTLA
407,29603.0,DTLA,LAX
1541,29671.0,LAX,DTLA
1542,29722.0,LAX,DTLA
1543,29735.0,LAX,DTLA
408,29744.0,DTLA,LAX
409,29776.0,DTLA,LAX
1545,29809.0,LAX,DTLA
1544,29809.0,LAX,DTLA
410,29896.0,DTLA,LAX
1546,29913.0,LAX,DTLA
1547,29929.0,LAX,DTLA
411,29949.0,DTLA,LAX
412,29995.0,DTLA,LAX
413,30008.0,DTLA,LAX
414,30019.0,DTLA,LAX
1548,30045.0,LAX,DTLA
415,30120.0,DTLA,LAX
416,30185.0,DTLA,LAX
417,30200.0,DTLA,LAX
418,30205.0,DTLA,LAX
419,30320.0,DTLA,LAX
420,30342.0,DTLA,LAX
1549,30354.0,LAX,DTLA
421,30355.0,DTLA,LAX
422,30400.0,DTLA,LAX
1550,30427.0,LAX,DTLA
423,30432.0,DTLA,LAX
424,30457.0,DTLA,LAX
425,30457.0,DTLA,LAX
426,30535.0,DTLA,LAX
1551,30541.0,LAX,DTLA
427,30553.0,DTLA,LAX
428,30595.0,DTLA,LAX
429,30605.0,DTLA,LAX
430,30616.0,DTLA,LAX
431,30619.0,DTLA,LAX
432,30622.0,DTLA,LAX
433,30643.0,DTLA,LAX
435,30716.0,DTLA,LAX
434,30716.0,DTLA,LAX
436,30779.0,DTLA,LAX
437,30844.0,DTLA,LAX
438,30848.0,DTLA,LAX
439,30850.0,DTLA,LAX
440,30873.0,DTLA,LAX
1552,30895.0,LAX,DTLA
1553,30928.0,LAX,DTLA
1554,30945.0,LAX,DTLA
441,31051.0,DTLA,LAX
1555,31069.0,LAX,DTLA
442,31085.0,DTLA,LAX
443,31112.0,DTLA,LAX
444,31129.0,DTLA,LAX
1556,31202.0,LAX,DTLA
1557,31218.0,LAX,DTLA
445,31220.0,DTLA,LAX
446,31255.0,DTLA,LAX
447,31259.0,DTLA,LAX
1558,31284.0,LAX,DTLA
448,31334.0,DTLA,LAX
449,31344.0,DTLA,LAX
1559,31367.0,LAX,DTLA
1560,31386.0,LAX,DTLA
1561,31412.0,LAX,DTLA
450,31412.0,DTLA,LAX
1562,31422.0,LAX,DTLA
451,31429.0,DTLA,LAX
1563,31430.0,LAX,DTLA
452,31439.0,DTLA,LAX
453,31469.0,DTLA,LAX
454,31539.0,DTLA,LAX
455,31569.0,DTLA,LAX
456,31587.0,DTLA,LAX
457,31597.0,DTLA,LAX
458,31609.0,DTLA,LAX
459,31640.0,DTLA,LAX
460,31641.0,DTLA,LAX
461,31661.0,DTLA,LAX
462,31662.0,DTLA,LAX
1564,31699.0,LAX,DTLA
1565,31708.0,LAX,DTLA
463,31713.0,DTLA,LAX
464,31715.0,DTLA,LAX
465,31834.0,DTLA,LAX
466,31857.0,DTLA,LAX
467,31891.0,DTLA,LAX
1566,31920.0,LAX,DTLA
1567,31925.0,LAX,DTLA
468,31972.0,DTLA,LAX
469,32070.0,DTLA,LAX
470,32120.0,DTLA,LAX
471,32125.0,DTLA,LAX
472,32159.0,DTLA,LAX
1568,32170.0,LAX,DTLA
473,32172.0,DTLA,LAX
474,32197.0,DTLA,LAX
1569,32226.0,LAX,DTLA
475,32245.0,DTLA,LAX
476,32261.0,DTLA,LAX
1570,32309.0,LAX,DTLA
477,32326.0,DTLA,LAX
478,32364.0,DTLA,LAX
479,32375.0,DTLA,LAX
480,32395.0,DTLA,LAX
481,32418.0,DTLA,LAX
482,32424.0,DTLA,LAX
483,32451.0,DTLA,LAX
484,32460.0,DTLA,LAX
485,32477.0,DTLA,LAX
486,32516.0,DTLA,LAX
1571,32529.0,LAX,DTLA
487,32548.0,DTLA,LAX
1572,32551.0,LAX,DTLA
488,32569.0,DTLA,LAX
489,32595.0,DTLA,LAX
490,32665.0,DTLA,LAX
491,32797.0,DTLA,LAX
492,32807.0,DTLA,LAX
493,32817.0,DTLA,LAX
494,32867.0,DTLA,LAX
1573,32878.0,LAX,DTLA
495,32907.0,DTLA,LAX
496,32917.0,DTLA,LAX
497,32943.0,DTLA,LAX
498,32995.0,DTLA,LAX
499,33040.0,DTLA,LAX
1574,33040.0,LAX,DTLA
1575,33055.0,LAX,DTLA
500,33076.0,DTLA,LAX
501,33076.0,DTLA,LAX
502,33080.0,DTLA,LAX
1576,33094.0,LAX,DTLA
503,33106.0,DTLA,LAX
504,33139.0,DTLA,LAX
505,33217.0,DTLA,LAX
1577,33223.0,LAX,DTLA
506,33233.0,DTLA,LAX
507,33246.0,DTLA,LAX
508,33266.0,DTLA,LAX
509,33278.0,DTLA,LAX
510,33281.0,DTLA,LAX
511,33284.0,DTLA,LAX
1578,33285.0,LAX,DTLA
1579,33318.0,LAX,DTLA
512,33344.0,DTLA,LAX
513,33347.0,DTLA,LAX
1580,33359.0,LAX,DTLA
514,33367.0,DTLA,LAX
515,33411.0,DTLA,LAX
516,33496.0,DTLA,LAX
517,33509.0,DTLA,LAX
1581,33527.0,LAX,DTLA
1582,33539.0,LAX,DTLA
1583,33551.0,LAX,DTLA
518,33557.0,DTLA,LAX
1584,33567.0,LAX,DTLA
519,33576.0,DTLA,LAX
520,33587.0,DTLA,LAX
521,33615.0,DTLA,LAX
522,33624.0,DTLA,LAX
524,33637.0,DTLA,LAX
523,33637.0,DTLA,LAX
525,33643.0,DTLA,LAX
1585,33665.0,LAX,DTLA
526,33685.0,DTLA,LAX
1586,33689.0,LAX,DTLA
527,33696.0,DTLA,LAX
528,33712.0,DTLA,LAX
1587,33735.0,LAX,DTLA
1588,33737.0,LAX,DTLA
529,33746.0,DTLA,LAX
530,33755.0,DTLA,LAX
531,33759.0,DTLA,LAX
532,33794.0,DTLA,LAX
1589,33808.0,LAX,DTLA
1590,33813.0,LAX,DTLA
533,33816.0,DTLA,LAX
1591,33837.0,LAX,DTLA
534,33873.0,DTLA,LAX
1592,33878.0,LAX,DTLA
535,33880.0,DTLA,LAX
536,33881.0,DTLA,LAX
537,33915.0,DTLA,LAX
538,33930.0,DTLA,LAX
539,33967.0,DTLA,LAX
540,34004.0,DTLA,LAX
1593,34039.0,LAX,DTLA
1594,34044.0,LAX,DTLA
1595,34097.0,LAX,DTLA
541,34144.0,DTLA,LAX
1596,34154.0,LAX,DTLA
542,34212.0,DTLA,LAX
1597,34242.0,LAX,DTLA
1598,34269.0,LAX,DTLA
543,34282.0,DTLA,LAX
544,34291.0,DTLA,LAX
545,34298.0,DTLA,LAX
546,34301.0,DTLA,LAX
547,34367.0,DTLA,LAX
1599,34384.0,LAX,DTLA
548,34409.0,DTLA,LAX
549,34453.0,DTLA,LAX
550,34509.0,DTLA,LAX
551,34515.0,DTLA,LAX
552,34518.0,DTLA,LAX
553,34519.0,DTLA,LAX
554,34519.0,DTLA,LAX
1600,34533.0,LAX,DTLA
555,34535.0,DTLA,LAX
1601,34575.0,LAX,DTLA
556,34584.0,DTLA,LAX
557,34597.0,DTLA,LAX
558,34746.0,DTLA,LAX
1602,34747.0,LAX,DTLA
559,34757.0,DTLA,LAX
1603,34765.0,LAX,DTLA
1604,34768.0,LAX,DTLA
560,34905.0,DTLA,LAX
561,34915.0,DTLA,LAX
562,34919.0,DTLA,LAX
563,34926.0,DTLA,LAX
564,34943.0,DTLA,LAX
1605,34992.0,LAX,DTLA
565,35011.0,DTLA,LAX
566,35048.0,DTLA,LAX
567,35051.0,DTLA,LAX
568,35061.0,DTLA,LAX
1606,35125.0,LAX,DTLA
569,35127.0,DTLA,LAX
1607,35186.0,LAX,DTLA
570,35192.0,DTLA,LAX
571,35207.0,DTLA,LAX
1608,35216.0,LAX,DTLA
1609,35236.0,LAX,DTLA
572,35246.0,DTLA,LAX
573,35251.0,DTLA,LAX
574,35262.0,DTLA,LAX
1610,35262.0,LAX,DTLA
575,35297.0,DTLA,LAX
576,35319.0,DTLA,LAX
1611,35324.0,LAX,DTLA
577,35344.0,DTLA,LAX
578,35355.0,DTLA,LAX
1612,35361.0,LAX,DTLA
1613,35381.0,LAX,DTLA
1615,35381.0,LAX,DTLA
1614,35381.0,LAX,DTLA
1616,35388.0,LAX,DTLA
579,35403.0,DTLA,LAX
1617,35404.0,LAX,DTLA
580,35414.0,DTLA,LAX
1618,35415.0,LAX,DTLA
581,35437.0,DTLA,LAX
1619,35447.0,LAX,DTLA
1620,35504.0,LAX,DTLA
1621,35506.0,LAX,DTLA
1622,35517.0,LAX,DTLA
582,35547.0,DTLA,LAX
1623,35551.0,LAX,DTLA
583,35584.0,DTLA,LAX
1624,35619.0,LAX,DTLA
584,35627.0,DTLA,LAX
1625,35643.0,LAX,DTLA
585,35655.0,DTLA,LAX
586,35663.0,DTLA,LAX
1626,35691.0,LAX,DTLA
587,35762.0,DTLA,LAX
588,35809.0,DTLA,LAX
589,35847.0,DTLA,LAX
1627,35853.0,LAX,DTLA
1628,35868.0,LAX,DTLA
1629,35870.0,LAX,DTLA
590,35890.0,DTLA,LAX
591,35891.0,DTLA,LAX
1630,35916.0,LAX,DTLA
1631,35937.0,LAX,DTLA
592,35948.0,DTLA,LAX
593,35964.0,DTLA,LAX
1632,35968.0,LAX,DTLA
594,36101.0,DTLA,LAX
595,36141.0,DTLA,LAX
596,36194.0,DTLA,LAX
597,36196.0,DTLA,LAX
598,36198.0,DTLA,LAX
599,36205.0,DTLA,LAX
1633,36249.0,LAX,DTLA
1634,36265.0,LAX,DTLA
600,36274.0,DTLA,LAX
601,36278.0,DTLA,LAX
602,36285.0,DTLA,LAX
1635,36294.0,LAX,DTLA
603,36350.0,DTLA,LAX
1636,36379.0,LAX,DTLA
604,36396.0,DTLA,LAX
605,36420.0,DTLA,LAX
606,36422.0,DTLA,LAX
1637,36471.0,LAX,DTLA
1638,36515.0,LAX,DTLA
1639,36523.0,LAX,DTLA
607,36633.0,DTLA,LAX
608,36698.0,DTLA,LAX
609,36704.0,DTLA,LAX
610,36729.0,DTLA,LAX
611,36768.0,DTLA,LAX
612,36771.0,DTLA,LAX
613,36800.0,DTLA,LAX
1640,36819.0,LAX,DTLA
614,36826.0,DTLA,LAX
615,36834.0,DTLA,LAX
1641,36837.0,LAX,DTLA
1642,36915.0,LAX,DTLA
616,37008.0,DTLA,LAX
617,37035.0,DTLA,LAX
618,37042.0,DTLA,LAX
619,37080.0,DTLA,LAX
620,37099.0,DTLA,LAX
621,37112.0,DTLA,LAX
622,37143.0,DTLA,LAX
1643,37145.0,LAX,DTLA
623,37168.0,DTLA,LAX
1644,37189.0,LAX,DTLA
624,37206.0,DTLA,LAX
1645,37280.0,LAX,DTLA
625,37316.0,DTLA,LAX
626,37468.0,DTLA,LAX
627,37515.0,DTLA,LAX
628,37589.0,DTLA,LAX
629,37602.0,DTLA,LAX
630,37606.0,DTLA,LAX
631,37632.0,DTLA,LAX
1646,37647.0,LAX,DTLA
1647,37659.0,LAX,DTLA
632,37691.0,DTLA,LAX
1648,37723.0,LAX,DTLA
1649,37788.0,LAX,DTLA
633,37898.0,DTLA,LAX
634,37907.0,DTLA,LAX
635,37910.0,DTLA,LAX
1650,37934.0,LAX,DTLA
1651,37935.0,LAX,DTLA
636,37963.0,DTLA,LAX
637,37988.0,DTLA,LAX
638,38073.0,DTLA,LAX
1652,38076.0,LAX,DTLA
1653,38099.0,LAX,DTLA
639,38166.0,DTLA,LAX
640,38181.0,DTLA,LAX
641,38240.0,DTLA,LAX
642,38249.0,DTLA,LAX
1654,38257.0,LAX,DTLA
643,38272.0,DTLA,LAX
644,38278.0,DTLA,LAX
645,38360.0,DTLA,LAX
1655,38361.0,LAX,DTLA
646,38375.0,DTLA,LAX
1656,38393.0,LAX,DTLA
1658,38414.0,LAX,DTLA
1657,38414.0,LAX,DTLA
647,38424.0,DTLA,LAX
1659,38425.0,LAX,DTLA
648,38428.0,DTLA,LAX
649,38442.0,DTLA,LAX
650,38454.0,DTLA,LAX
1660,38465.0,LAX,DTLA
651,38466.0,DTLA,LAX
1661,38483.0,LAX,DTLA
1662,38497.0,LAX,DTLA
1663,38520.0,LAX,DTLA
652,38586.0,DTLA,LAX
1664,38604.0,LAX,DTLA
653,38607.0,DTLA,LAX
654,38633.0,DTLA,LAX
655,38709.0,DTLA,LAX
657,38732.0,DTLA,LAX
656,38732.0,DTLA,LAX
658,38789.0,DTLA,LAX
659,38791.0,DTLA,LAX
660,38798.0,DTLA,LAX
662,38877.0,DTLA,LAX
661,38877.0,DTLA,LAX
663,38881.0,DTLA,LAX
664,38903.0,DTLA,LAX
665,38967.0,DTLA,LAX
666,39039.0,DTLA,LAX
667,39063.0,DTLA,LAX
668,39075.0,DTLA,LAX
669,39075.0,DTLA,LAX
1665,39084.0,LAX,DTLA
670,39111.0,DTLA,LAX
1666,39157.0,LAX,DTLA
671,39200.0,DTLA,LAX
1667,39218.0,LAX,DTLA
1668,39281.0,LAX,DTLA
1669,39328.0,LAX,DTLA
672,39415.0,DTLA,LAX
673,39417.0,DTLA,LAX
674,39430.0,DTLA,LAX
675,39463.0,DTLA,LAX
1670,39476.0,LAX,DTLA
676,39486.0,DTLA,LAX
677,39534.0,DTLA,LAX
678,39581.0,DTLA,LAX
1671,39612.0,LAX,DTLA
679,39666.0,DTLA,LAX
1672,39735.0,LAX,DTLA
1673,39826.0,LAX,DTLA
1674,39839.0,LAX,DTLA
680,39845.0,DTLA,LAX
1675,39853.0,LAX,DTLA
681,39954.0,DTLA,LAX
682,39957.0,DTLA,LAX
683,39995.0,DTLA,LAX
1676,40022.0,LAX,DTLA
684,40028.0,DTLA,LAX
1677,40058.0,LAX,DTLA
685,40063.0,DTLA,LAX
686,40064.0,DTLA,LAX
687,40065.0,DTLA,LAX
688,40081.0,DTLA,LAX
689,40083.0,DTLA,LAX
690,40090.0,DTLA,LAX
1678,40094.0,LAX,DTLA
1679,40100.0,LAX,DTLA
691,40107.0,DTLA,LAX
1680,40141.0,LAX,DTLA
1681,40170.0,LAX,DTLA
1682,40199.0,LAX,DTLA
1683,40215.0,LAX,DTLA
692,40228.0,DTLA,LAX
1684,40238.0,LAX,DTLA
693,40254.0,DTLA,LAX
1685,40255.0,LAX,DTLA
694,40296.0,DTLA,LAX
695,40341.0,DTLA,LAX
696,40343.0,DTLA,LAX
697,40374.0,DTLA,LAX
698,40416.0,DTLA,LAX
1686,40454.0,LAX,DTLA
699,40491.0,DTLA,LAX
700,40496.0,DTLA,LAX
1687,40516.0,LAX,DTLA
701,40550.0,DTLA,LAX
702,40586.0,DTLA,LAX
703,40639.0,DTLA,LAX
704,40666.0,DTLA,LAX
1688,40695.0,LAX,DTLA
705,40708.0,DTLA,LAX
706,40734.0,DTLA,LAX
1689,40749.0,LAX,DTLA
707,40777.0,DTLA,LAX
708,40796.0,DTLA,LAX
709,40840.0,DTLA,LAX
1690,40846.0,LAX,DTLA
710,40856.0,DTLA,LAX
711,40862.0,DTLA,LAX
1691,40862.0,LAX,DTLA
712,40865.0,DTLA,LAX
1692,40868.0,LAX,DTLA
713,40872.0,DTLA,LAX
714,40876.0,DTLA,LAX
715,40888.0,DTLA,LAX
716,40954.0,DTLA,LAX
717,40981.0,DTLA,LAX
1693,40992.0,LAX,DTLA
1694,41028.0,LAX,DTLA
1695,41069.0,LAX,DTLA
1696,41080.0,LAX,DTLA
1697,41082.0,LAX,DTLA
718,41138.0,DTLA,LAX
719,41138.0,DTLA,LAX
720,41140.0,DTLA,LAX
1698,41161.0,LAX,DTLA
1699,41171.0,LAX,DTLA
1700,41191.0,LAX,DTLA
1701,41205.0,LAX,DTLA
721,41237.0,DTLA,LAX
1702,41263.0,LAX,DTLA
1704,41284.0,LAX,DTLA
1703,41284.0,LAX,DTLA
1705,41305.0,LAX,DTLA
722,41354.0,DTLA,LAX
723,41365.0,DTLA,LAX
724,41441.0,DTLA,LAX
1706,41446.0,LAX,DTLA
1707,41507.0,LAX,DTLA
1708,41582.0,LAX,DTLA
1709,41604.0,LAX,DTLA
725,41608.0,DTLA,LAX
1710,41631.0,LAX,DTLA
1711,41657.0,LAX,DTLA
1712,41660.0,LAX,DTLA
1713,41669.0,LAX,DTLA
726,41681.0,DTLA,LAX
727,41687.0,DTLA,LAX
1714,41704.0,LAX,DTLA
1715,41769.0,LAX,DTLA
1716,41872.0,LAX,DTLA
1717,41878.0,LAX,DTLA
1718,41882.0,LAX,DTLA
728,41903.0,DTLA,LAX
729,41915.0,DTLA,LAX
730,41957.0,DTLA,LAX
1719,41958.0,LAX,DTLA
1720,41967.0,LAX,DTLA
1721,41972.0,LAX,DTLA
1722,41991.0,LAX,DTLA
731,42018.0,DTLA,LAX
732,42034.0,DTLA,LAX
1723,42046.0,LAX,DTLA
1724,42053.0,LAX,DTLA
1725,42097.0,LAX,DTLA
1726,42106.0,LAX,DTLA
733,42122.0,DTLA,LAX
734,42170.0,DTLA,LAX
1727,42175.0,LAX,DTLA
1728,42220.0,LAX,DTLA
735,42225.0,DTLA,LAX
736,42245.0,DTLA,LAX
737,42248.0,DTLA,LAX
738,42249.0,DTLA,LAX
1729,42274.0,LAX,DTLA
1730,42279.0,LAX,DTLA
1731,42283.0,LAX,DTLA
739,42342.0,DTLA,LAX
1732,42376.0,LAX,DTLA
740,42447.0,DTLA,LAX
1733,42475.0,LAX,DTLA
741,42485.0,DTLA,LAX
1734,42513.0,LAX,DTLA
742,42546.0,DTLA,LAX
743,42592.0,DTLA,LAX
744,42602.0,DTLA,LAX
745,42624.0,DTLA,LAX
746,42658.0,DTLA,LAX
747,42683.0,DTLA,LAX
748,42712.0,DTLA,LAX
1735,42795.0,LAX,DTLA
749,42811.0,DTLA,LAX
750,42825.0,DTLA,LAX
751,42976.0,DTLA,LAX
752,43028.0,DTLA,LAX
1736,43082.0,LAX,DTLA
1738,43101.0,LAX,DTLA
1737,43101.0,LAX,DTLA
1739,43111.0,LAX,DTLA
753,43130.0,DTLA,LAX
1740,43131.0,LAX,DTLA
754,43154.0,DTLA,LAX
1741,43173.0,LAX,DTLA
755,43181.0,DTLA,LAX
1742,43195.0,LAX,DTLA
1743,43215.0,LAX,DTLA
756,43216.0,DTLA,LAX
757,43222.0,DTLA,LAX
1744,43222.0,LAX,DTLA
1745,43241.0,LAX,DTLA
758,43252.0,DTLA,LAX
1746,43328.0,LAX,DTLA
1747,43355.0,LAX,DTLA
1748,43366.0,LAX,DTLA
1749,43367.0,LAX,DTLA
1750,43375.0,LAX,DTLA
1751,43416.0,LAX,DTLA
759,43456.0,DTLA,LAX
1752,43516.0,LAX,DTLA
1753,43519.0,LAX,DTLA
760,43558.0,DTLA,LAX
761,43565.0,DTLA,LAX
762,43587.0,DTLA,LAX
1754,43631.0,LAX,DTLA
763,43659.0,DTLA,LAX
764,43729.0,DTLA,LAX
1755,43742.0,LAX,DTLA
1756,43900.0,LAX,DTLA
765,44045.0,DTLA,LAX
1757,44131.0,LAX,DTLA
766,44131.0,DTLA,LAX
1758,44152.0,LAX,DTLA
1759,44153.0,LAX,DTLA
1760,44184.0,LAX,DTLA
767,44187.0,DTLA,LAX
768,44193.0,DTLA,LAX
1761,44226.0,LAX,DTLA
769,44259.0,DTLA,LAX
770,44270.0,DTLA,LAX
1762,44286.0,LAX,DTLA
1763,44293.0,LAX,DTLA
771,44351.0,DTLA,LAX
1764,44355.0,LAX,DTLA
772,44369.0,DTLA,LAX
773,44447.0,DTLA,LAX
1765,44474.0,LAX,DTLA
774,44474.0,DTLA,LAX
1766,44490.0,LAX,DTLA
1767,44506.0,LAX,DTLA
775,44530.0,DTLA,LAX
1768,44543.0,LAX,DTLA
776,44590.0,DTLA,LAX
1769,44611.0,LAX,DTLA
777,44621.0,DTLA,LAX
1770,44628.0,LAX,DTLA
778,44692.0,DTLA,LAX
1771,44699.0,LAX,DTLA
779,44761.0,DTLA,LAX
780,44809.0,DTLA,LAX
1772,44815.0,LAX,DTLA
1773,44865.0,LAX,DTLA
781,44873.0,DTLA,LAX
782,44887.0,DTLA,LAX
783,44952.0,DTLA,LAX
784,44989.0,DTLA,LAX
1774,45028.0,LAX,DTLA
1775,45029.0,LAX,DTLA
785,45034.0,DTLA,LAX
1776,45046.0,LAX,DTLA
786,45052.0,DTLA,LAX
1777,45085.0,LAX,DTLA
1778,45089.0,LAX,DTLA
787,45105.0,DTLA,LAX
1779,45110.0,LAX,DTLA
1780,45122.0,LAX,DTLA
1781,45146.0,LAX,DTLA
1782,45181.0,LAX,DTLA
788,45182.0,DTLA,LAX
1783,45199.0,LAX,DTLA
1784,45234.0,LAX,DTLA
1785,45238.0,LAX,DTLA
789,45266.0,DTLA,LAX
790,45275.0,DTLA,LAX
791,45287.0,DTLA,LAX
1786,45303.0,LAX,DTLA
792,45321.0,DTLA,LAX
1787,45351.0,LAX,DTLA
793,45355.0,DTLA,LAX
794,45369.0,DTLA,LAX
1788,45374.0,LAX,DTLA
1789,45386.0,LAX,DTLA
1790,45415.0,LAX,DTLA
1791,45428.0,LAX,DTLA
795,45450.0,DTLA,LAX
796,45469.0,DTLA,LAX
797,45472.0,DTLA,LAX
1792,45523.0,LAX,DTLA
798,45559.0,DTLA,LAX
1793,45570.0,LAX,DTLA
799,45628.0,DTLA,LAX
1794,45702.0,LAX,DTLA
1795,45712.0,LAX,DTLA
1796,45715.0,LAX,DTLA
1797,45721.0,LAX,DTLA
1798,45725.0,LAX,DTLA
1799,45726.0,LAX,DTLA
1800,45734.0,LAX,DTLA
1801,45737.0,LAX,DTLA
1802,45764.0,LAX,DTLA
1803,45766.0,LAX,DTLA
1804,45832.0,LAX,DTLA
800,45835.0,DTLA,LAX
1805,45838.0,LAX,DTLA
1806,45863.0,LAX,DTLA
801,45864.0,DTLA,LAX
1807,45872.0,LAX,DTLA
1808,45875.0,LAX,DTLA
1809,45890.0,LAX,DTLA
802,45898.0,DTLA,LAX
1810,45898.0,LAX,DTLA
803,45903.0,DTLA,LAX
1811,45919.0,LAX,DTLA
1812,45925.0,LAX,DTLA
804,45960.0,DTLA,LAX
805,45988.0,DTLA,LAX
806,46002.0,DTLA,LAX
1813,46007.0,LAX,DTLA
807,46039.0,DTLA,LAX
808,46069.0,DTLA,LAX
809,46106.0,DTLA,LAX
810,46121.0,DTLA,LAX
811,46145.0,DTLA,LAX
812,46247.0,DTLA,LAX
813,46303.0,DTLA,LAX
1814,46314.0,LAX,DTLA
814,46322.0,DTLA,LAX
1815,46402.0,LAX,DTLA
1816,46410.0,LAX,DTLA
815,46411.0,DTLA,LAX
1817,46417.0,LAX,DTLA
1818,46419.0,LAX,DTLA
1819,46450.0,LAX,DTLA
816,46454.0,DTLA,LAX
1820,46468.0,LAX,DTLA
817,46480.0,DTLA,LAX
818,46505.0,DTLA,LAX
1821,46515.0,LAX,DTLA
1822,46522.0,LAX,DTLA
1823,46537.0,LAX,DTLA
1824,46540.0,LAX,DTLA
819,46553.0,DTLA,LAX
1825,46558.0,LAX,DTLA
820,46574.0,DTLA,LAX
821,46800.0,DTLA,LAX
822,46811.0,DTLA,LAX
823,46826.0,DTLA,LAX
824,46853.0,DTLA,LAX
825,46873.0,DTLA,LAX
826,46877.0,DTLA,LAX
827,46917.0,DTLA,LAX
828,46926.0,DTLA,LAX
829,46939.0,DTLA,LAX
830,46984.0,DTLA,LAX
831,46986.0,DTLA,LAX
832,46987.0,DTLA,LAX
1826,47016.0,LAX,DTLA
833,47055.0,DTLA,LAX
1827,47057.0,LAX,DTLA
1828,47073.0,LAX,DTLA
834,47080.0,DTLA,LAX
835,47088.0,DTLA,LAX
836,47106.0,DTLA,LAX
1829,47134.0,LAX,DTLA
1830,47145.0,LAX,DTLA
837,47157.0,DTLA,LAX
838,47287.0,DTLA,LAX
839,47289.0,DTLA,LAX
1831,47357.0,LAX,DTLA
1832,47364.0,LAX,DTLA
1833,47370.0,LAX,DTLA
1834,47403.0,LAX,DTLA
840,47416.0,DTLA,LAX
1835,47421.0,LAX,DTLA
1836,47447.0,LAX,DTLA
1837,47457.0,LAX,DTLA
841,47464.0,DTLA,LAX
842,47504.0,DTLA,LAX
1838,47507.0,LAX,DTLA
1839,47574.0,LAX,DTLA
1840,47582.0,LAX,DTLA
843,47593.0,DTLA,LAX
844,47594.0,DTLA,LAX
1841,47606.0,LAX,DTLA
1842,47610.0,LAX,DTLA
1843,47617.0,LAX,DTLA
1844,47629.0,LAX,DTLA
1845,47641.0,LAX,DTLA
1846,47684.0,LAX,DTLA
1847,47707.0,LAX,DTLA
845,47812.0,DTLA,LAX
1848,47839.0,LAX,DTLA
846,47887.0,DTLA,LAX
847,47892.0,DTLA,LAX
1849,47893.0,LAX,DTLA
848,48024.0,DTLA,LAX
1850,48096.0,LAX,DTLA
849,48104.0,DTLA,LAX
1851,48157.0,LAX,DTLA
1852,48166.0,LAX,DTLA
850,48173.0,DTLA,LAX
1853,48178.0,LAX,DTLA
1854,48222.0,LAX,DTLA
1855,48224.0,LAX,DTLA
851,48242.0,DTLA,LAX
1856,48258.0,LAX,DTLA
852,48304.0,DTLA,LAX
1857,48305.0,LAX,DTLA
853,48311.0,DTLA,LAX
854,48329.0,DTLA,LAX
855,48333.0,DTLA,LAX
856,48337.0,DTLA,LAX
857,48374.0,DTLA,LAX
1858,48389.0,LAX,DTLA
858,48413.0,DTLA,LAX
859,48449.0,DTLA,LAX
1859,48501.0,LAX,DTLA
860,48514.0,DTLA,LAX
861,48520.0,DTLA,LAX
862,48527.0,DTLA,LAX
1860,48536.0,LAX,DTLA
863,48571.0,DTLA,LAX
864,48581.0,DTLA,LAX
865,48584.0,DTLA,LAX
866,48590.0,DTLA,LAX
1861,48596.0,LAX,DTLA
1862,48605.0,LAX,DTLA
867,48621.0,DTLA,LAX
868,48657.0,DTLA,LAX
869,48694.0,DTLA,LAX
870,48794.0,DTLA,LAX
1863,48821.0,LAX,DTLA
871,48830.0,DTLA,LAX
872,48976.0,DTLA,LAX
1864,48981.0,LAX,DTLA
1865,48989.0,LAX,DTLA
873,49044.0,DTLA,LAX
1866,49100.0,LAX,DTLA
1867,49102.0,LAX,DTLA
874,49114.0,DTLA,LAX
875,49115.0,DTLA,LAX
876,49160.0,DTLA,LAX
1868,49163.0,LAX,DTLA
1869,49202.0,LAX,DTLA
1870,49244.0,LAX,DTLA
1871,49246.0,LAX,DTLA
877,49293.0,DTLA,LAX
1872,49308.0,LAX,DTLA
1873,49321.0,LAX,DTLA
878,49386.0,DTLA,LAX
1874,49413.0,LAX,DTLA
1875,49416.0,LAX,DTLA
1876,49427.0,LAX,DTLA
879,49429.0,DTLA,LAX
1877,49433.0,LAX,DTLA
1878,49436.0,LAX,DTLA
1879,49453.0,LAX,DTLA
1880,49479.0,LAX,DTLA
880,49505.0,DTLA,LAX
881,49508.0,DTLA,LAX
1881,49516.0,LAX,DTLA
1882,49520.0,LAX,DTLA
882,49521.0,DTLA,LAX
1883,49569.0,LAX,DTLA
1884,49570.0,LAX,DTLA
1885,49609.0,LAX,DTLA
883,49653.0,DTLA,LAX
1886,49750.0,LAX,DTLA
1887,49771.0,LAX,DTLA
1888,49872.0,LAX,DTLA
1889,49885.0,LAX,DTLA
1890,49891.0,LAX,DTLA
1891,49900.0,LAX,DTLA
884,49940.0,DTLA,LAX
885,49954.0,DTLA,LAX
1892,49965.0,LAX,DTLA
886,50015.0,DTLA,LAX
887,50028.0,DTLA,LAX
888,50041.0,DTLA,LAX
889,50067.0,DTLA,LAX
1893,50075.0,LAX,DTLA
1894,50081.0,LAX,DTLA
890,50102.0,DTLA,LAX
1895,50148.0,LAX,DTLA
891,50171.0,DTLA,LAX
1896,50213.0,LAX,DTLA
892,50229.0,DTLA,LAX
1897,50233.0,LAX,DTLA
1898,50235.0,LAX,DTLA
1899,50268.0,LAX,DTLA
893,50314.0,DTLA,LAX
894,50316.0,DTLA,LAX
1900,50323.0,LAX,DTLA
895,50325.0,DTLA,LAX
896,50332.0,DTLA,LAX
1901,50385.0,LAX,DTLA
897,50390.0,DTLA,LAX
898,50406.0,DTLA,LAX
899,50455.0,DTLA,LAX
1902,50496.0,LAX,DTLA
900,50518.0,DTLA,LAX
1903,50529.0,LAX,DTLA
901,50533.0,DTLA,LAX
1904,50536.0,LAX,DTLA
902,50559.0,DTLA,LAX
1905,50597.0,LAX,DTLA
903,50623.0,DTLA,LAX
1906,50646.0,LAX,DTLA
1907,50665.0,LAX,DTLA
1908,50733.0,LAX,DTLA
1909,50807.0,LAX,DTLA
904,50921.0,DTLA,LAX
905,50968.0,DTLA,LAX
1910,50972.0,LAX,DTLA
906,51022.0,DTLA,LAX
1911,51030.0,LAX,DTLA
907,51061.0,DTLA,LAX
908,51111.0,DTLA,LAX
1912,51147.0,LAX,DTLA
909,51193.0,DTLA,LAX
1913,51206.0,LAX,DTLA
910,51206.0,DTLA,LAX
912,51223.0,DTLA,LAX
911,51223.0,DTLA,LAX
1914,51268.0,LAX,DTLA
1915,51273.0,LAX,DTLA
1916,51319.0,LAX,DTLA
1917,51334.0,LAX,DTLA
913,51349.0,DTLA,LAX
1919,51414.0,LAX,DTLA
1918,51414.0,LAX,DTLA
1920,51429.0,LAX,DTLA
1921,51433.0,LAX,DTLA
1922,51448.0,LAX,DTLA
914,51450.0,DTLA,LAX
915,51492.0,DTLA,LAX
916,51501.0,DTLA,LAX
917,51501.0,DTLA,LAX
918,51541.0,DTLA,LAX
919,51543.0,DTLA,LAX
920,51583.0,DTLA,LAX
1923,51583.0,LAX,DTLA
1924,51595.0,LAX,DTLA
921,51604.0,DTLA,LAX
922,51628.0,DTLA,LAX
1925,51685.0,LAX,DTLA
1926,51689.0,LAX,DTLA
923,51693.0,DTLA,LAX
924,51707.0,DTLA,LAX
925,51729.0,DTLA,LAX
926,51773.0,DTLA,LAX
1927,51809.0,LAX,DTLA
1928,51825.0,LAX,DTLA
1929,51846.0,LAX,DTLA
1930,51861.0,LAX,DTLA
1931,51990.0,LAX,DTLA
1932,52054.0,LAX,DTLA
1933,52079.0,LAX,DTLA
927,52096.0,DTLA,LAX
928,52111.0,DTLA,LAX
929,52146.0,DTLA,LAX
930,52159.0,DTLA,LAX
931,52222.0,DTLA,LAX
1934,52242.0,LAX,DTLA
1935,52288.0,LAX,DTLA
1936,52291.0,LAX,DTLA
1937,52312.0,LAX,DTLA
1938,52327.0,LAX,DTLA
1939,52338.0,LAX,DTLA
1940,52360.0,LAX,DTLA
932,52380.0,DTLA,LAX
1941,52424.0,LAX,DTLA
1942,52452.0,LAX,DTLA
1943,52472.0,LAX,DTLA
1944,52506.0,LAX,DTLA
933,52539.0,DTLA,LAX
1945,52546.0,LAX,DTLA
1946,52547.0,LAX,DTLA
1947,52558.0,LAX,DTLA
934,52636.0,DTLA,LAX
1948,52643.0,LAX,DTLA
1949,52644.0,LAX,DTLA
1950,52675.0,LAX,DTLA
1951,52779.0,LAX,DTLA
935,52782.0,DTLA,LAX
936,52786.0,DTLA,LAX
1952,52832.0,LAX,DTLA
937,52836.0,DTLA,LAX
1953,52837.0,LAX,DTLA
1954,52855.0,LAX,DTLA
938,52856.0,DTLA,LAX
1955,52912.0,LAX,DTLA
939,52931.0,DTLA,LAX
1956,52953.0,LAX,DTLA
1957,52966.0,LAX,DTLA
1958,52987.0,LAX,DTLA
940,53044.0,DTLA,LAX
1959,53065.0,LAX,DTLA
941,53073.0,DTLA,LAX
942,53153.0,DTLA,LAX
1960,53194.0,LAX,DTLA
943,53231.0,DTLA,LAX
1961,53266.0,LAX,DTLA
1962,53269.0,LAX,DTLA
1963,53283.0,LAX,DTLA
944,53301.0,DTLA,LAX
945,53336.0,DTLA,LAX
1964,53379.0,LAX,DTLA
1965,53383.0,LAX,DTLA
1966,53411.0,LAX,DTLA
946,53420.0,DTLA,LAX
947,53429.0,DTLA,LAX
948,53440.0,DTLA,LAX
1967,53466.0,LAX,DTLA
1968,53539.0,LAX,DTLA
1969,53571.0,LAX,DTLA
1970,53577.0,LAX,DTLA
1971,53593.0,LAX,DTLA
1972,53625.0,LAX,DTLA
1973,53740.0,LAX,DTLA
1974,53821.0,LAX,DTLA
1975,53834.0,LAX,DTLA
1976,53850.0,LAX,DTLA
949,53876.0,DTLA,LAX
1977,53905.0,LAX,DTLA
1978,53947.0,LAX,DTLA
1979,53958.0,LAX,DTLA
1980,54038.0,LAX,DTLA
950,54102.0,DTLA,LAX
1981,54178.0,LAX,DTLA
1982,54182.0,LAX,DTLA
1983,54183.0,LAX,DTLA
1984,54200.0,LAX,DTLA
1985,54277.0,LAX,DTLA
951,54289.0,DTLA,LAX
1986,54299.0,LAX,DTLA
1987,54306.0,LAX,DTLA
1988,54311.0,LAX,DTLA
1989,54333.0,LAX,DTLA
1990,54352.0,LAX,DTLA
1991,54360.0,LAX,DTLA
1992,54367.0,LAX,DTLA
1993,54385.0,LAX,DTLA
1994,54468.0,LAX,DTLA
1995,54482.0,LAX,DTLA
1996,54528.0,LAX,DTLA
952,54532.0,DTLA,LAX
953,54575.0,DTLA,LAX
1997,54579.0,LAX,DTLA
954,54605.0,DTLA,LAX
955,54684.0,DTLA,LAX
1998,54702.0,LAX,DTLA
1999,54711.0,LAX,DTLA
2000,54760.0,LAX,DTLA
2001,54769.0,LAX,DTLA
2002,54779.0,LAX,DTLA
956,54785.0,DTLA,LAX
2003,54800.0,LAX,DTLA
2004,54831.0,LAX,DTLA
957,54953.0,DTLA,LAX
958,55016.0,DTLA,LAX
2005,55239.0,LAX,DTLA
959,55314.0,DTLA,LAX
960,55348.0,DTLA,LAX
961,55391.0,DTLA,LAX
962,55420.0,DTLA,LAX
2006,55428.0,LAX,DTLA
963,55481.0,DTLA,LAX
2007,55544.0,LAX,DTLA
964,55566.0,DTLA,LAX
965,55591.0,DTLA,LAX
966,55658.0,DTLA,LAX
2008,55663.0,LAX,DTLA
2009,55666.0,LAX,DTLA
2011,55667.0,LAX,DTLA
2010,55667.0,LAX,DTLA
2012,55718.0,LAX,DTLA
2013,55727.0,LAX,DTLA
2015,55743.0,LAX,DTLA
2014,55743.0,LAX,DTLA
967,55750.0,DTLA,LAX
2016,55766.0,LAX,DTLA
2017,55786.0,LAX,DTLA
968,55832.0,DTLA,LAX
2018,55837.0,LAX,DTLA
2019,55844.0,LAX,DTLA
2020,55850.0,LAX,DTLA
969,55855.0,DTLA,LAX
970,55889.0,DTLA,LAX
2021,55900.0,LAX,DTLA
2022,55938.0,LAX,DTLA
2023,55949.0,LAX,DTLA
971,55983.0,DTLA,LAX
972,55986.0,DTLA,LAX
2024,55990.0,LAX,DTLA
2025,56044.0,LAX,DTLA
2026,56073.0,LAX,DTLA
2027,56091.0,LAX,DTLA
973,56098.0,DTLA,LAX
974,56102.0,DTLA,LAX
975,56135.0,DTLA,LAX
976,56166.0,DTLA,LAX
977,56205.0,DTLA,LAX
2028,56267.0,LAX,DTLA
978,56288.0,DTLA,LAX
2029,56311.0,LAX,DTLA
2030,56330.0,LAX,DTLA
2031,56336.0,LAX,DTLA
2032,56345.0,LAX,DTLA
2033,56354.0,LAX,DTLA
2034,56357.0,LAX,DTLA
979,56360.0,DTLA,LAX
2035,56383.0,LAX,DTLA
2036,56422.0,LAX,DTLA
2037,56423.0,LAX,DTLA
2038,56452.0,LAX,DTLA
2039,56454.0,LAX,DTLA
2040,56469.0,LAX,DTLA
2041,56482.0,LAX,DTLA
2042,56500.0,LAX,DTLA
980,56501.0,DTLA,LAX
2043,56513.0,LAX,DTLA
981,56532.0,DTLA,LAX
2044,56557.0,LAX,DTLA
982,56623.0,DTLA,LAX
983,56685.0,DTLA,LAX
984,56689.0,DTLA,LAX
2045,56794.0,LAX,DTLA
2046,56803.0,LAX,DTLA
985,56933.0,DTLA,LAX
986,56964.0,DTLA,LAX
987,56968.0,DTLA,LAX
2047,56991.0,LAX,DTLA
988,57000.0,DTLA,LAX
990,57133.0,DTLA,LAX
989,57133.0,DTLA,LAX
2048,57175.0,LAX,DTLA
2049,57231.0,LAX,DTLA
2050,57245.0,LAX,DTLA
2051,57257.0,LAX,DTLA
2052,57261.0,LAX,DTLA
2053,57289.0,LAX,DTLA
2054,57323.0,LAX,DTLA
2055,57325.0,LAX,DTLA
2056,57329.0,LAX,DTLA
2057,57330.0,LAX,DTLA
2058,57352.0,LAX,DTLA
2059,57409.0,LAX,DTLA
2060,57422.0,LAX,DTLA
2061,57425.0,LAX,DTLA
2062,57437.0,LAX,DTLA
2063,57443.0,LAX,DTLA
2064,57445.0,LAX,DTLA
2065,57467.0,LAX,DTLA
2066,57474.0,LAX,DTLA
991,57507.0,DTLA,LAX
992,57599.0,DTLA,LAX
993,57612.0,DTLA,LAX
2067,57654.0,LAX,DTLA
2068,57680.0,LAX,DTLA
994,57750.0,DTLA,LAX
995,57758.0,DTLA,LAX
2069,57764.0,LAX,DTLA
996,57764.0,DTLA,LAX
997,57808.0,DTLA,LAX
2070,57852.0,LAX,DTLA
998,57887.0,DTLA,LAX
2071,57959.0,LAX,DTLA
2072,57972.0,LAX,DTLA
2073,58022.0,LAX,DTLA
2074,58073.0,LAX,DTLA
999,58093.0,DTLA,LAX
2075,58168.0,LAX,DTLA
1000,58172.0,DTLA,LAX
2076,58198.0,LAX,DTLA
1001,58236.0,DTLA,LAX
2077,58391.0,LAX,DTLA
2078,58403.0,LAX,DTLA
2079,58443.0,LAX,DTLA
2080,58450.0,LAX,DTLA
1002,58450.0,DTLA,LAX
2081,58456.0,LAX,DTLA
1003,58501.0,DTLA,LAX
2082,58526.0,LAX,DTLA
2083,58544.0,LAX,DTLA
2084,58582.0,LAX,DTLA
2085,58595.0,LAX,DTLA
2086,58603.0,LAX,DTLA
2087,58607.0,LAX,DTLA
1004,58607.0,DTLA,LAX
1005,58619.0,DTLA,LAX
1006,58640.0,DTLA,LAX
2088,58646.0,LAX,DTLA
2089,58649.0,LAX,DTLA
1007,58673.0,DTLA,LAX
2090,58701.0,LAX,DTLA
2091,58713.0,LAX,DTLA
1008,58778.0,DTLA,LAX
2092,58812.0,LAX,DTLA
2093,58818.0,LAX,DTLA
2094,58824.0,LAX,DTLA
1009,58828.0,DTLA,LAX
2095,58892.0,LAX,DTLA
2096,58951.0,LAX,DTLA
2097,58989.0,LAX,DTLA
2098,59052.0,LAX,DTLA
1010,59063.0,DTLA,LAX
2099,59094.0,LAX,DTLA
2100,59095.0,LAX,DTLA
1011,59123.0,DTLA,LAX
1012,59140.0,DTLA,LAX
2101,59179.0,LAX,DTLA
2102,59207.0,LAX,DTLA
2103,59212.0,LAX,DTLA
2104,59242.0,LAX,DTLA
2105,59254.0,LAX,DTLA
2106,59273.0,LAX,DTLA
1013,59287.0,DTLA,LAX
1014,59300.0,DTLA,LAX
2107,59308.0,LAX,DTLA
1015,59311.0,DTLA,LAX
1016,59315.0,DTLA,LAX
2108,59321.0,LAX,DTLA
1017,59321.0,DTLA,LAX
2109,59443.0,LAX,DTLA
2110,59594.0,LAX,DTLA
2111,59599.0,LAX,DTLA
2112,59647.0,LAX,DTLA
1018,59650.0,DTLA,LAX
2113,59654.0,LAX,DTLA
2114,59669.0,LAX,DTLA
2115,59691.0,LAX,DTLA
1019,59739.0,DTLA,LAX
2116,59874.0,LAX,DTLA
1020,59911.0,DTLA,LAX
1021,59952.0,DTLA,LAX
2117,59952.0,LAX,DTLA
2118,59962.0,LAX,DTLA
1022,59984.0,DTLA,LAX
2119,60021.0,LAX,DTLA
1023,60022.0,DTLA,LAX
2120,60063.0,LAX,DTLA
2121,60069.0,LAX,DTLA
2122,60092.0,LAX,DTLA
2123,60124.0,LAX,DTLA
2124,60144.0,LAX,DTLA
2125,60147.0,LAX,DTLA
2126,60162.0,LAX,DTLA
1024,60165.0,DTLA,LAX
2127,60190.0,LAX,DTLA
1025,60214.0,DTLA,LAX
2128,60241.0,LAX,DTLA
2129,60249.0,LAX,DTLA
2130,60339.0,LAX,DTLA
1026,60342.0,DTLA,LAX
2131,60416.0,LAX,DTLA
2132,60487.0,LAX,DTLA
2133,60491.0,LAX,DTLA
1027,60500.0,DTLA,LAX
2134,60528.0,LAX,DTLA
2135,60556.0,LAX,DTLA
1028,60565.0,DTLA,LAX
1029,60567.0,DTLA,LAX
2136,60578.0,LAX,DTLA
2137,60612.0,LAX,DTLA
2138,60622.0,LAX,DTLA
2139,60622.0,LAX,DTLA
2140,60633.0,LAX,DTLA
2141,60635.0,LAX,DTLA
2142,60656.0,LAX,DTLA
1030,60703.0,DTLA,LAX
2143,60708.0,LAX,DTLA
2144,60711.0,LAX,DTLA
2145,60735.0,LAX,DTLA
1031,60768.0,DTLA,LAX
2146,60795.0,LAX,DTLA
2147,60801.0,LAX,DTLA
1032,60819.0,DTLA,LAX
2148,60822.0,LAX,DTLA
1033,60831.0,DTLA,LAX
1034,60864.0,DTLA,LAX
2149,60892.0,LAX,DTLA
2150,60923.0,LAX,DTLA
2151,60933.0,LAX,DTLA
2152,60973.0,LAX,DTLA
1035,60995.0,DTLA,LAX
1036,61089.0,DTLA,LAX
2153,61129.0,LAX,DTLA
1037,61197.0,DTLA,LAX
1038,61201.0,DTLA,LAX
1039,61245.0,DTLA,LAX
2154,61255.0,LAX,DTLA
2155,61281.0,LAX,DTLA
2156,61298.0,LAX,DTLA
2157,61318.0,LAX,DTLA
1040,61409.0,DTLA,LAX
1041,61422.0,DTLA,LAX
1042,61510.0,DTLA,LAX
1043,61694.0,DTLA,LAX
1044,61705.0,DTLA,LAX
1045,61731.0,DTLA,LAX
2158,61733.0,LAX,DTLA
1046,61741.0,DTLA,LAX
2159,61777.0,LAX,DTLA
1047,61860.0,DTLA,LAX
1048,61867.0,DTLA,LAX
1049,61915.0,DTLA,LAX
1050,61916.0,DTLA,LAX
1051,61961.0,DTLA,LAX
2160,61965.0,LAX,DTLA
1052,62001.0,DTLA,LAX
2161,62003.0,LAX,DTLA
1053,62026.0,DTLA,LAX
1054,62108.0,DTLA,LAX
1055,62115.0,DTLA,LAX
2162,62152.0,LAX,DTLA
1056,62174.0,DTLA,LAX
1057,62239.0,DTLA,LAX
1058,62251.0,DTLA,LAX
1059,62258.0,DTLA,LAX
1060,62315.0,DTLA,LAX
2163,62343.0,LAX,DTLA
1061,62392.0,DTLA,LAX
2164,62395.0,LAX,DTLA
2165,62435.0,LAX,DTLA
2166,62446.0,LAX,DTLA
1062,62449.0,DTLA,LAX
2167,62480.0,LAX,DTLA
2168,62510.0,LAX,DTLA
2169,62513.0,LAX,DTLA
2170,62523.0,LAX,DTLA
2171,62535.0,LAX,DTLA
2172,62562.0,LAX,DTLA
2173,62563.0,LAX,DTLA
1063,62573.0,DTLA,LAX
2174,62601.0,LAX,DTLA
2175,62648.0,LAX,DTLA
2176,62680.0,LAX,DTLA
1064,62709.0,DTLA,LAX
2177,62727.0,LAX,DTLA
1065,62858.0,DTLA,LAX
1066,62948.0,DTLA,LAX
1067,63000.0,DTLA,LAX
1068,63027.0,DTLA,LAX
1069,63034.0,DTLA,LAX
1070,63036.0,DTLA,LAX
2178,63059.0,LAX,DTLA
1071,63063.0,DTLA,LAX
1072,63071.0,DTLA,LAX
1073,63100.0,DTLA,LAX
2179,63149.0,LAX,DTLA
1074,63158.0,DTLA,LAX
1075,63230.0,DTLA,LAX
2180,63238.0,LAX,DTLA
2181,63241.0,LAX,DTLA
1076,63254.0,DTLA,LAX
1077,63276.0,DTLA,LAX
1078,63332.0,DTLA,LAX
2182,63334.0,LAX,DTLA
1079,63349.0,DTLA,LAX
1080,63349.0,DTLA,LAX
2183,63365.0,LAX,DTLA
2184,63368.0,LAX,DTLA
2185,63385.0,LAX,DTLA
1081,63392.0,DTLA,LAX
1082,63399.0,DTLA,LAX
2186,63418.0,LAX,DTLA
1083,63419.0,DTLA,LAX
2187,63431.0,LAX,DTLA
2188,63436.0,LAX,DTLA
2189,63458.0,LAX,DTLA
2190,63481.0,LAX,DTLA
1084,63528.0,DTLA,LAX
2191,63546.0,LAX,DTLA
1085,63590.0,DTLA,LAX
1086,63639.0,DTLA,LAX
1087,63664.0,DTLA,LAX
2192,63717.0,LAX,DTLA
1088,63729.0,DTLA,LAX
2193,63740.0,LAX,DTLA
2194,63750.0,LAX,DTLA
2195,63787.0,LAX,DTLA
2196,63875.0,LAX,DTLA
2197,63900.0,LAX,DTLA
2198,63913.0,LAX,DTLA
2199,63916.0,LAX,DTLA
2200,63944.0,LAX,DTLA
2201,63994.0,LAX,DTLA
2202,64007.0,LAX,DTLA
1089,64034.0,DTLA,LAX
1090,64123.0,DTLA,LAX
2203,64183.0,LAX,DTLA
1091,64184.0,DTLA,LAX
2204,64224.0,LAX,DTLA
1092,64244.0,DTLA,LAX
1093,64287.0,DTLA,LAX
2205,64302.0,LAX,DTLA
1094,64303.0,DTLA,LAX
2206,64318.0,LAX,DTLA
2207,64336.0,LAX,DTLA
2208,64382.0,LAX,DTLA
2209,64398.0,LAX,DTLA
1095,64405.0,DTLA,LAX
1096,64414.0,DTLA,LAX
2210,64432.0,LAX,DTLA
2211,64473.0,LAX,DTLA
1097,64475.0,DTLA,LAX
2212,64490.0,LAX,DTLA
1098,64517.0,DTLA,LAX
1099,64551.0,DTLA,LAX
2213,64641.0,LAX,DTLA
2214,64718.0,LAX,DTLA
1100,64739.0,DTLA,LAX
2215,64741.0,LAX,DTLA
2216,64752.0,LAX,DTLA
1101,64806.0,DTLA,LAX
2217,64806.0,LAX,DTLA
2218,64822.0,LAX,DTLA
1102,64870.0,DTLA,LAX
2219,64880.0,LAX,DTLA
1103,64888.0,DTLA,LAX
2220,64896.0,LAX,DTLA
1104,64926.0,DTLA,LAX
2221,64993.0,LAX,DTLA
1105,64995.0,DTLA,LAX
2222,65012.0,LAX,DTLA
2223,65100.0,LAX,DTLA
1106,65128.0,DTLA,LAX
1107,65141.0,DTLA,LAX
2224,65157.0,LAX,DTLA
1108,65180.0,DTLA,LAX
1109,65187.0,DTLA,LAX
2225,65221.0,LAX,DTLA
1110,65236.0,DTLA,LAX
1111,65243.0,DTLA,LAX
1112,65389.0,DTLA,LAX
1113,65444.0,DTLA,LAX
1114,65457.0,DTLA,LAX
2226,65492.0,LAX,DTLA
2227,65505.0,LAX,DTLA
1115,65525.0,DTLA,LAX
1116,65533.0,DTLA,LAX
2228,65587.0,LAX,DTLA
1117,65728.0,DTLA,LAX
1118,65740.0,DTLA,LAX
2229,65780.0,LAX,DTLA
1119,65784.0,DTLA,LAX
2230,65817.0,LAX,DTLA
2231,65822.0,LAX,DTLA
2233,65826.0,LAX,DTLA
2232,65826.0,LAX,DTLA
1120,65828.0,DTLA,LAX
1121,65880.0,DTLA,LAX
2234,66001.0,LAX,DTLA
2235,66004.0,LAX,DTLA
2236,66024.0,LAX,DTLA
2237,66035.0,LAX,DTLA
2238,66036.0,LAX,DTLA
1122,66170.0,DTLA,LAX
1123,66208.0,DTLA,LAX
1124,66210.0,DTLA,LAX
2239,66273.0,LAX,DTLA
2240,66296.0,LAX,DTLA
2241,66313.0,LAX,DTLA
1125,66374.0,DTLA,LAX
1126,66413.0,DTLA,LAX
1127,66456.0,DTLA,LAX
2242,66477.0,LAX,DTLA
2243,66503.0,LAX,DTLA
2244,66540.0,LAX,DTLA
2245,66555.0,LAX,DTLA
2246,66566.0,LAX,DTLA
2247,66570.0,LAX,DTLA
1128,66594.0,DTLA,LAX
2248,66609.0,LAX,DTLA
2249,66767.0,LAX,DTLA
1129,66804.0,DTLA,LAX
2250,66822.0,LAX,DTLA
2251,66829.0,LAX,DTLA
2252,66846.0,LAX,DTLA
2253,66900.0,LAX,DTLA
2254,66909.0,LAX,DTLA
2255,66950.0,LAX,DTLA
2256,66957.0,LAX,DTLA
2257,66984.0,LAX,DTLA
2258,66988.0,LAX,DTLA
2259,67014.0,LAX,DTLA
1130,67181.0,DTLA,LAX
2260,67184.0,LAX,DTLA
2261,67197.0,LAX,DTLA
1131,67249.0,DTLA,LAX
2262,67262.0,LAX,DTLA
1132,67307.0,DTLA,LAX
1133,67361.0,DTLA,LAX
1134,67371.0,DTLA,LAX
1135,67374.0,DTLA,LAX
1136,67466.0,DTLA,LAX
1137,67490.0,DTLA,LAX
1138,67553.0,DTLA,LAX
2263,67659.0,LAX,DTLA
2264,67674.0,LAX,DTLA
2265,67780.0,LAX,DTLA
1139,67794.0,DTLA,LAX
2266,67857.0,LAX,DTLA
1140,67869.0,DTLA,LAX
2267,67871.0,LAX,DTLA
2268,67882.0,LAX,DTLA
2269,67891.0,LAX,DTLA
2270,67903.0,LAX,DTLA
2271,67930.0,LAX,DTLA
2272,67974.0,LAX,DTLA
2273,67976.0,LAX,DTLA
1141,67988.0,DTLA,LAX
2274,68027.0,LAX,DTLA
2275,68035.0,LAX,DTLA
2276,68053.0,LAX,DTLA
2277,68061.0,LAX,DTLA
1142,68064.0,DTLA,LAX
2278,68098.0,LAX,DTLA
2279,68118.0,LAX,DTLA
2280,68175.0,LAX,DTLA
1143,68191.0,DTLA,LAX
1144,68194.0,DTLA,LAX
2281,68243.0,LAX,DTLA
2282,68261.0,LAX,DTLA
1145,68262.0,DTLA,LAX
2283,68309.0,LAX,DTLA
2284,68328.0,LAX,DTLA
2285,68333.0,LAX,DTLA
2286,68334.0,LAX,DTLA
1146,68371.0,DTLA,LAX
2287,68389.0,LAX,DTLA
2288,68401.0,LAX,DTLA
2289,68420.0,LAX,DTLA
2290,68437.0,LAX,DTLA
2291,68446.0,LAX,DTLA
1147,68474.0,DTLA,LAX
1148,68532.0,DTLA,LAX
2292,68675.0,LAX,DTLA
2293,68699.0,LAX,DTLA
1149,68700.0,DTLA,LAX
2294,68758.0,LAX,DTLA
2295,68772.0,LAX,DTLA
1150,68778.0,DTLA,LAX
1151,68817.0,DTLA,LAX
2296,68849.0,LAX,DTLA
2297,68866.0,LAX,DTLA
1152,68904.0,DTLA,LAX
2298,68922.0,LAX,DTLA
1153,68944.0,DTLA,LAX
1154,68989.0,DTLA,LAX
1155,69039.0,DTLA,LAX
1156,69082.0,DTLA,LAX
2299,69089.0,LAX,DTLA
1157,69192.0,DTLA,LAX
2300,69196.0,LAX,DTLA
2301,69225.0,LAX,DTLA
1158,69293.0,DTLA,LAX
2302,69325.0,LAX,DTLA
1159,69349.0,DTLA,LAX
2303,69363.0,LAX,DTLA
1160,69370.0,DTLA,LAX
1161,69434.0,DTLA,LAX
2304,69435.0,LAX,DTLA
2305,69441.0,LAX,DTLA
2306,69459.0,LAX,DTLA
2307,69510.0,LAX,DTLA
2308,69518.0,LAX,DTLA
2309,69523.0,LAX,DTLA
2310,69525.0,LAX,DTLA
1162,69543.0,DTLA,LAX
2311,69562.0,LAX,DTLA
2312,69593.0,LAX,DTLA
2313,69594.0,LAX,DTLA
2314,69617.0,LAX,DTLA
2315,69658.0,LAX,DTLA
2316,69719.0,LAX,DTLA
2317,69729.0,LAX,DTLA
1163,69765.0,DTLA,LAX
2318,69788.0,LAX,DTLA
2319,69825.0,LAX,DTLA
2320,69843.0,LAX,DTLA
2321,69847.0,LAX,DTLA
2322,69861.0,LAX,DTLA
2323,69861.0,LAX,DTLA
2324,69864.0,LAX,DTLA
2325,69876.0,LAX,DTLA
2326,69880.0,LAX,DTLA
1164,69897.0,DTLA,LAX
2327,69905.0,LAX,DTLA
1165,69921.0,DTLA,LAX
1166,69934.0,DTLA,LAX
1167,69948.0,DTLA,LAX
2328,69949.0,LAX,DTLA
1168,69958.0,DTLA,LAX
2329,69983.0,LAX,DTLA
2330,70022.0,LAX,DTLA
2331,70024.0,LAX,DTLA
1169,70030.0,DTLA,LAX
2332,70081.0,LAX,DTLA
1170,70095.0,DTLA,LAX
1171,70154.0,DTLA,LAX
2333,70172.0,LAX,DTLA
2334,70202.0,LAX,DTLA
2335,70286.0,LAX,DTLA
2336,70314.0,LAX,DTLA
1172,70320.0,DTLA,LAX
2337,70365.0,LAX,DTLA
1173,70436.0,DTLA,LAX
1174,70459.0,DTLA,LAX
2338,70492.0,LAX,DTLA
2339,70500.0,LAX,DTLA
1175,70539.0,DTLA,LAX
2340,70556.0,LAX,DTLA
2341,70560.0,LAX,DTLA
2342,70577.0,LAX,DTLA
1176,70587.0,DTLA,LAX
1177,70639.0,DTLA,LAX
2343,70675.0,LAX,DTLA
1178,70695.0,DTLA,LAX
2344,70726.0,LAX,DTLA
1179,70730.0,DTLA,LAX
2345,70782.0,LAX,DTLA
2346,70808.0,LAX,DTLA
2347,70869.0,LAX,DTLA
2348,70905.0,LAX,DTLA
2349,70936.0,LAX,DTLA
2350,70941.0,LAX,DTLA
2351,70943.0,LAX,DTLA
2352,70995.0,LAX,DTLA
2353,71023.0,LAX,DTLA
1180,71065.0,DTLA,LAX
1181,71068.0,DTLA,LAX
1182,71202.0,DTLA,LAX
2354,71230.0,LAX,DTLA
2355,71237.0,LAX,DTLA
1183,71242.0,DTLA,LAX
2356,71275.0,LAX,DTLA
2357,71284.0,LAX,DTLA
2358,71297.0,LAX,DTLA
2359,71316.0,LAX,DTLA
2360,71325.0,LAX,DTLA
2361,71334.0,LAX,DTLA
2362,71337.0,LAX,DTLA
2363,71355.0,LAX,DTLA
1184,71360.0,DTLA,LAX
2364,71371.0,LAX,DTLA
1185,71392.0,DTLA,LAX
1186,71415.0,DTLA,LAX
1187,71416.0,DTLA,LAX
2365,71439.0,LAX,DTLA
1188,71503.0,DTLA,LAX
1189,71504.0,DTLA,LAX
1190,71556.0,DTLA,LAX
1191,71584.0,DTLA,LAX
2366,71586.0,LAX,DTLA
2367,71591.0,LAX,DTLA
1192,71627.0,DTLA,LAX
1193,71640.0,DTLA,LAX
1194,71665.0,DTLA,LAX
2368,71668.0,LAX,DTLA
2369,71684.0,LAX,DTLA
1195,71702.0,DTLA,LAX
1196,71720.0,DTLA,LAX
2370,71721.0,LAX,DTLA
2371,71788.0,LAX,DTLA
2372,71835.0,LAX,DTLA
1197,71881.0,DTLA,LAX
2373,71907.0,LAX,DTLA
1198,71917.0,DTLA,LAX
1199,71936.0,DTLA,LAX
2374,71970.0,LAX,DTLA
1200,71982.0,DTLA,LAX
1201,72012.0,DTLA,LAX
1202,72071.0,DTLA,LAX
1203,72079.0,DTLA,LAX
1204,72085.0,DTLA,LAX
1205,72120.0,DTLA,LAX
1206,72126.0,DTLA,LAX
1207,72137.0,DTLA,LAX
1208,72169.0,DTLA,LAX
1209,72192.0,DTLA,LAX
1210,72234.0,DTLA,LAX
1211,72240.0,DTLA,LAX
1212,72265.0,DTLA,LAX
1213,72280.0,DTLA,LAX
1214,72294.0,DTLA,LAX
1215,72299.0,DTLA,LAX
2375,72326.0,LAX,DTLA
1216,72329.0,DTLA,LAX
2376,72423.0,LAX,DTLA
2377,72428.0,LAX,DTLA
1217,72430.0,DTLA,LAX
2378,72444.0,LAX,DTLA
1218,72445.0,DTLA,LAX
2379,72503.0,LAX,DTLA
2380,72506.0,LAX,DTLA
2381,72547.0,LAX,DTLA
2382,72567.0,LAX,DTLA
2383,72637.0,LAX,DTLA
1219,72666.0,DTLA,LAX
1220,72669.0,DTLA,LAX
1221,72694.0,DTLA,LAX
1222,72696.0,DTLA,LAX
1223,72711.0,DTLA,LAX
1224,72713.0,DTLA,LAX
1225,72717.0,DTLA,LAX
2384,72783.0,LAX,DTLA
1226,72793.0,DTLA,LAX
1227,72797.0,DTLA,LAX
1228,72874.0,DTLA,LAX
1229,72894.0,DTLA,LAX
1230,72928.0,DTLA,LAX
1231,72933.0,DTLA,LAX
2385,72962.0,LAX,DTLA
1232,72978.0,DTLA,LAX
2386,73021.0,LAX,DTLA
1233,73035.0,DTLA,LAX
1234,73120.0,DTLA,LAX
2387,73144.0,LAX,DTLA
2388,73184.0,LAX,DTLA
1235,73239.0,DTLA,LAX
1236,73251.0,DTLA,LAX
2389,73322.0,LAX,DTLA
1237,73328.0,DTLA,LAX
1238,73331.0,DTLA,LAX
1239,73369.0,DTLA,LAX
1240,73404.0,DTLA,LAX
1241,73422.0,DTLA,LAX
1242,73492.0,DTLA,LAX
2390,73563.0,LAX,DTLA
1243,73573.0,DTLA,LAX
2391,73574.0,LAX,DTLA
1244,73600.0,DTLA,LAX
2392,73629.0,LAX,DTLA
1245,73669.0,DTLA,LAX
1246,73670.0,DTLA,LAX
2393,73684.0,LAX,DTLA
1247,73689.0,DTLA,LAX
2394,73705.0,LAX,DTLA
2395,73722.0,LAX,DTLA
2396,73741.0,LAX,DTLA
1248,73754.0,DTLA,LAX
2397,73759.0,LAX,DTLA
2398,73763.0,LAX,DTLA
1249,73764.0,DTLA,LAX
1250,73804.0,DTLA,LAX
1251,73809.0,DTLA,LAX
1252,73867.0,DTLA,LAX
2399,73867.0,LAX,DTLA
2400,73890.0,LAX,DTLA
1253,73941.0,DTLA,LAX
2401,73942.0,LAX,DTLA
1254,73969.0,DTLA,LAX
2402,73973.0,LAX,DTLA
1255,74006.0,DTLA,LAX
1256,74049.0,DTLA,LAX
2403,74054.0,LAX,DTLA
2404,74088.0,LAX,DTLA
2405,74153.0,LAX,DTLA
2406,74162.0,LAX,DTLA
1257,74177.0,DTLA,LAX
1258,74186.0,DTLA,LAX
2407,74212.0,LAX,DTLA
2408,74225.0,LAX,DTLA
2409,74256.0,LAX,DTLA
1259,74264.0,DTLA,LAX
1260,74266.0,DTLA,LAX
1261,74271.0,DTLA,LAX
2410,74295.0,LAX,DTLA
1262,74301.0,DTLA,LAX
2411,74331.0,LAX,DTLA
1263,74336.0,DTLA,LAX
1264,74338.0,DTLA,LAX
2412,74367.0,LAX,DTLA
1265,74378.0,DTLA,LAX
2413,74447.0,LAX,DTLA
1266,74447.0,DTLA,LAX
2414,74459.0,LAX,DTLA
1267,74475.0,DTLA,LAX
2415,74503.0,LAX,DTLA
2416,74521.0,LAX,DTLA
1268,74532.0,DTLA,LAX
1269,74538.0,DTLA,LAX
2417,74542.0,LAX,DTLA
2418,74560.0,LAX,DTLA
1270,74563.0,DTLA,LAX
2419,74564.0,LAX,DTLA
1271,74618.0,DTLA,LAX
2420,74629.0,LAX,DTLA
1272,74630.0,DTLA,LAX
2421,74633.0,LAX,DTLA
2422,74637.0,LAX,DTLA
2423,74646.0,LAX,DTLA
2424,74670.0,LAX,DTLA
2425,74684.0,LAX,DTLA
2426,74687.0,LAX,DTLA
2427,74719.0,LAX,DTLA
1273,74725.0,DTLA,LAX
1274,74731.0,DTLA,LAX
2428,74733.0,LAX,DTLA
2429,74736.0,LAX,DTLA
1275,74754.0,DTLA,LAX
2430,74791.0,LAX,DTLA
2431,74799.0,LAX,DTLA
1276,74803.0,DTLA,LAX
2432,74808.0,LAX,DTLA
1277,74847.0,DTLA,LAX
2433,74877.0,LAX,DTLA
2434,74904.0,LAX,DTLA
1278,74932.0,DTLA,LAX
1279,74979.0,DTLA,LAX
2435,75055.0,LAX,DTLA
1280,75057.0,DTLA,LAX
2436,75065.0,LAX,DTLA
1281,75079.0,DTLA,LAX
1282,75105.0,DTLA,LAX
1283,75130.0,DTLA,LAX
1284,75163.0,DTLA,LAX
1285,75164.0,DTLA,LAX
1286,75210.0,DTLA,LAX
1287,75215.0,DTLA,LAX
1288,75216.0,DTLA,LAX
1289,75251.0,DTLA,LAX
2437,75265.0,LAX,DTLA
1290,75270.0,DTLA,LAX
1291,75286.0,DTLA,LAX
2438,75296.0,LAX,DTLA
1292,75333.0,DTLA,LAX
2439,75364.0,LAX,DTLA
1293,75388.0,DTLA,LAX
1294,75403.0,DTLA,LAX
2440,75420.0,LAX,DTLA
2441,75466.0,LAX,DTLA
1295,75483.0,DTLA,LAX
1296,75498.0,DTLA,LAX
1297,75554.0,DTLA,LAX
1298,75567.0,DTLA,LAX
2442,75598.0,LAX,DTLA
1299,75622.0,DTLA,LAX
1300,75623.0,DTLA,LAX
2443,75643.0,LAX,DTLA
1301,75644.0,DTLA,LAX
2444,75677.0,LAX,DTLA
1302,75684.0,DTLA,LAX
2445,75687.0,LAX,DTLA
1303,75691.0,DTLA,LAX
2446,75703.0,LAX,DTLA
2447,75721.0,LAX,DTLA
1304,75729.0,DTLA,LAX
1305,75730.0,DTLA,LAX
2448,75735.0,LAX,DTLA
1306,75739.0,DTLA,LAX
2449,75762.0,LAX,DTLA
2450,75765.0,LAX,DTLA
2451,75775.0,LAX,DTLA
1307,75777.0,DTLA,LAX
1308,75786.0,DTLA,LAX
1309,75819.0,DTLA,LAX
1310,75833.0,DTLA,LAX
1311,75864.0,DTLA,LAX
1312,75877.0,DTLA,LAX
1313,75908.0,DTLA,LAX
1314,75913.0,DTLA,LAX
1315,75985.0,DTLA,LAX
2452,75998.0,LAX,DTLA
2453,76005.0,LAX,DTLA
2454,76015.0,LAX,DTLA
2455,76018.0,LAX,DTLA
1316,76028.0,DTLA,LAX
1317,76054.0,DTLA,LAX
2456,76070.0,LAX,DTLA
2457,76087.0,LAX,DTLA
2458,76100.0,LAX,DTLA
2459,76121.0,LAX,DTLA
2460,76131.0,LAX,DTLA
1318,76158.0,DTLA,LAX
1319,76175.0,DTLA,LAX
1320,76180.0,DTLA,LAX
2461,76206.0,LAX,DTLA
1321,76235.0,DTLA,LAX
1322,76245.0,DTLA,LAX
2462,76249.0,LAX,DTLA
2463,76257.0,LAX,DTLA
1323,76259.0,DTLA,LAX
1324,76269.0,DTLA,LAX
1325,76282.0,DTLA,LAX
1326,76284.0,DTLA,LAX
1327,76312.0,DTLA,LAX
1328,76365.0,DTLA,LAX
1329,76376.0,DTLA,LAX
2464,76451.0,LAX,DTLA
2465,76462.0,LAX,DTLA
1330,76492.0,DTLA,LAX
2466,76494.0,LAX,DTLA
2467,76497.0,LAX,DTLA
1331,76500.0,DTLA,LAX
1332,76505.0,DTLA,LAX
1333,76532.0,DTLA,LAX
2468,76544.0,LAX,DTLA
2469,76559.0,LAX,DTLA
1334,76598.0,DTLA,LAX
1335,76667.0,DTLA,LAX
1336,76671.0,DTLA,LAX
2470,76695.0,LAX,DTLA
2471,76730.0,LAX,DTLA
2472,76748.0,LAX,DTLA
1337,76748.0,DTLA,LAX
2473,76751.0,LAX,DTLA
1338,76782.0,DTLA,LAX
1339,76832.0,DTLA,LAX
1340,76833.0,DTLA,LAX
2474,76851.0,LAX,DTLA
1341,76924.0,DTLA,LAX
1342,76926.0,DTLA,LAX
1343,76945.0,DTLA,LAX
1344,76958.0,DTLA,LAX
2475,76958.0,LAX,DTLA
1345,76969.0,DTLA,LAX
1346,76980.0,DTLA,LAX
1347,77042.0,DTLA,LAX
1348,77051.0,DTLA,LAX
1349,77067.0,DTLA,LAX
1350,77086.0,DTLA,LAX
1351,77097.0,DTLA,LAX
2476,77122.0,LAX,DTLA
2477,77128.0,LAX,DTLA
2478,77190.0,LAX,DTLA
2479,77203.0,LAX,DTLA
2480,77231.0,LAX,DTLA
2481,77258.0,LAX,DTLA
2482,77272.0,LAX,DTLA
2484,77272.0,LAX,DTLA
2483,77272.0,LAX,DTLA
2485,77325.0,LAX,DTLA
2486,77329.0,LAX,DTLA
1352,77350.0,DTLA,LAX
2487,77361.0,LAX,DTLA
1353,77434.0,DTLA,LAX
1354,77455.0,DTLA,LAX
1355,77498.0,DTLA,LAX
2488,77513.0,LAX,DTLA
1356,77528.0,DTLA,LAX
1357,77556.0,DTLA,LAX
2489,77564.0,LAX,DTLA
2490,77611.0,LAX,DTLA
1358,77620.0,DTLA,LAX
2491,77644.0,LAX,DTLA
2492,77678.0,LAX,DTLA
1359,77733.0,DTLA,LAX
2493,77742.0,LAX,DTLA
2494,77811.0,LAX,DTLA
2495,77817.0,LAX,DTLA
1360,77860.0,DTLA,LAX
1361,77863.0,DTLA,LAX
1362,77875.0,DTLA,LAX
2496,77900.0,LAX,DTLA
2497,77901.0,LAX,DTLA
1363,77931.0,DTLA,LAX
2498,77968.0,LAX,DTLA
1364,77969.0,DTLA,LAX
2499,77977.0,LAX,DTLA
2500,77991.0,LAX,DTLA
2501,77998.0,LAX,DTLA
2502,78001.0,LAX,DTLA
2503,78022.0,LAX,DTLA
1365,78027.0,DTLA,LAX
2504,78046.0,LAX,DTLA
2505,78047.0,LAX,DTLA
1366,78060.0,DTLA,LAX
2506,78071.0,LAX,DTLA
1367,78076.0,DTLA,LAX
1368,78077.0,DTLA,LAX
2507,78086.0,LAX,DTLA
2508,78104.0,LAX,DTLA
2509,78125.0,LAX,DTLA
1369,78181.0,DTLA,LAX
2510,78234.0,LAX,DTLA
1370,78239.0,DTLA,LAX
2511,78255.0,LAX,DTLA
2512,78274.0,LAX,DTLA
2513,78298.0,LAX,DTLA
2514,78332.0,LAX,DTLA
2515,78333.0,LAX,DTLA
2516,78353.0,LAX,DTLA
2517,78377.0,LAX,DTLA
1371,78382.0,DTLA,LAX
2518,78399.0,LAX,DTLA
2519,78448.0,LAX,DTLA
1372,78453.0,DTLA,LAX
2520,78462.0,LAX,DTLA
1373,78504.0,DTLA,LAX
1374,78509.0,DTLA,LAX
2521,78521.0,LAX,DTLA
2522,78576.0,LAX,DTLA
2523,78588.0,LAX,DTLA
1375,78590.0,DTLA,LAX
1376,78639.0,DTLA,LAX
2524,78704.0,LAX,DTLA
2525,78724.0,LAX,DTLA
2526,78819.0,LAX,DTLA
1377,78835.0,DTLA,LAX
2527,78842.0,LAX,DTLA
1378,78844.0,DTLA,LAX
2528,78853.0,LAX,DTLA
1379,78869.0,DTLA,LAX
2529,78876.0,LAX,DTLA
1380,78978.0,DTLA,LAX
1381,78994.0,DTLA,LAX
1382,78995.0,DTLA,LAX
2530,79011.0,LAX,DTLA
2531,79011.0,LAX,DTLA
1383,79063.0,DTLA,LAX
2532,79075.0,LAX,DTLA
1384,79079.0,DTLA,LAX
2533,79086.0,LAX,DTLA
1385,79093.0,DTLA,LAX
2534,79097.0,LAX,DTLA
1386,79102.0,DTLA,LAX
2535,79125.0,LAX,DTLA
2536,79137.0,LAX,DTLA
2537,79150.0,LAX,DTLA
2538,79166.0,LAX,DTLA
2539,79188.0,LAX,DTLA
2540,79250.0,LAX,DTLA
1387,79292.0,DTLA,LAX
1388,79309.0,DTLA,LAX
1389,79328.0,DTLA,LAX
2541,79338.0,LAX,DTLA
1390,79374.0,DTLA,LAX
2542,79409.0,LAX,DTLA
1391,79413.0,DTLA,LAX
1392,79417.0,DTLA,LAX
1393,79432.0,DTLA,LAX
1394,79439.0,DTLA,LAX
2543,79441.0,LAX,DTLA
2544,79491.0,LAX,DTLA
2545,79512.0,LAX,DTLA
1395,79528.0,DTLA,LAX
1396,79540.0,DTLA,LAX
1397,79549.0,DTLA,LAX
1398,79606.0,DTLA,LAX
2546,79643.0,LAX,DTLA
1399,79666.0,DTLA,LAX
2547,79682.0,LAX,DTLA
1400,79747.0,DTLA,LAX
2548,79840.0,LAX,DTLA
1401,79878.0,DTLA,LAX
1402,79897.0,DTLA,LAX
2549,79947.0,LAX,DTLA
1403,79996.0,DTLA,LAX
2550,79999.0,LAX,DTLA
2551,80027.0,LAX,DTLA
2552,80062.0,LAX,DTLA
1404,80066.0,DTLA,LAX
1405,80067.0,DTLA,LAX
1406,80077.0,DTLA,LAX
2553,80080.0,LAX,DTLA
2554,80082.0,LAX,DTLA
2555,80086.0,LAX,DTLA
2556,80100.0,LAX,DTLA
2557,80164.0,LAX,DTLA
1407,80183.0,DTLA,LAX
2558,80241.0,LAX,DTLA
1408,80318.0,DTLA,LAX
2559,80372.0,LAX,DTLA
2560,80393.0,LAX,DTLA
1409,80403.0,DTLA,LAX
2561,80416.0,LAX,DTLA
2562,80449.0,LAX,DTLA
2563,80468.0,LAX,DTLA
2564,80587.0,LAX,DTLA
2565,80618.0,LAX,DTLA
2566,80653.0,LAX,DTLA
1410,80697.0,DTLA,LAX
1411,80765.0,DTLA,LAX
2567,80807.0,LAX,DTLA
1412,80887.0,DTLA,LAX
2568,80897.0,LAX,DTLA
2569,80906.0,LAX,DTLA
1413,80918.0,DTLA,LAX
2570,80939.0,LAX,DTLA
2571,80947.0,LAX,DTLA
1414,81005.0,DTLA,LAX
2572,81023.0,LAX,DTLA
2573,81127.0,LAX,DTLA
2574,81229.0,LAX,DTLA
2575,81288.0,LAX,DTLA
1415,81418.0,DTLA,LAX
1416,81464.0,DTLA,LAX
2576,81612.0,LAX,DTLA
1417,81634.0,DTLA,LAX
2577,81654.0,LAX,DTLA
1418,81762.0,DTLA,LAX
2578,81784.0,LAX,DTLA
1419,81785.0,DTLA,LAX
2579,81794.0,LAX,DTLA
1420,81801.0,DTLA,LAX
2580,81806.0,LAX,DTLA
1421,81886.0,DTLA,LAX
2581,81892.0,LAX,DTLA
1422,81974.0,DTLA,LAX
2582,81998.0,LAX,DTLA
1423,82035.0,DTLA,LAX
2583,82105.0,LAX,DTLA
1424,82129.0,DTLA,LAX
2584,82145.0,LAX,DTLA
2585,82158.0,LAX,DTLA
2586,82159.0,LAX,DTLA
2587,82181.0,LAX,DTLA
1425,82189.0,DTLA,LAX
2588,82234.0,LAX,DTLA
2589,82250.0,LAX,DTLA
2590,82259.0,LAX,DTLA
2591,82334.0,LAX,DTLA
2592,82383.0,LAX,DTLA
2593,82398.0,LAX,DTLA
2594,82422.0,LAX,DTLA
2595,82439.0,LAX,DTLA
2596,82528.0,LAX,DTLA
2597,82535.0,LAX,DTLA
2598,82606.0,LAX,DTLA
2599,82899.0,LAX,DTLA
2600,83181.0,LAX,DTLA
2601,83183.0,LAX,DTLA
2602,83322.0,LAX,DTLA
2603,83341.0,LAX,DTLA
2604,83355.0,LAX,DTLA
2605,83409.0,LAX,DTLA
2606,83429.0,LAX,DTLA
2607,83524.0,LAX,DTLA
2608,83550.0,LAX,DTLA
1426,83608.0,DTLA,LAX
1427,83655.0,DTLA,LAX
2609,83758.0,LAX,DTLA
1428,83815.0,DTLA,LAX
1429,83859.0,DTLA,LAX
2610,83861.0,LAX,DTLA
2611,83876.0,LAX,DTLA
1430,83895.0,DTLA,LAX
2612,83937.0,LAX,DTLA
2613,83994.0,LAX,DTLA
2614,84005.0,LAX,DTLA
2615,84059.0,LAX,DTLA
2616,84103.0,LAX,DTLA
2617,84116.0,LAX,DTLA
2618,84171.0,LAX,DTLA
2619,84245.0,LAX,DTLA
2620,84314.0,LAX,DTLA
2621,84318.0,LAX,DTLA
2622,84408.0,LAX,DTLA
2623,84517.0,LAX,DTLA
2624,84528.0,LAX,DTLA
2625,84570.0,LAX,DTLA
2626,84631.0,LAX,DTLA
1431,84680.0,DTLA,LAX
2627,84836.0,LAX,DTLA
1432,84867.0,DTLA,LAX
2628,84902.0,LAX,DTLA
2629,84909.0,LAX,DTLA
2630,84922.0,LAX,DTLA
2631,84962.0,LAX,DTLA
2632,84966.0,LAX,DTLA
2633,84966.0,LAX,DTLA
2634,85045.0,LAX,DTLA
1433,85068.0,DTLA,LAX
2635,85119.0,LAX,DTLA
2636,85250.0,LAX,DTLA
2637,85290.0,LAX,DTLA
2638,85474.0,LAX,DTLA
2639,85599.0,LAX,DTLA
2640,85607.0,LAX,DTLA
2641,85620.0,LAX,DTLA
2642,85641.0,LAX,DTLA
2643,85644.0,LAX,DTLA
1434,85732.0,DTLA,LAX
2644,85778.0,LAX,DTLA
1435,85799.0,DTLA,LAX
2645,85824.0,LAX,DTLA
1436,85854.0,DTLA,LAX
1437,86006.0,DTLA,LAX
2646,86039.0,LAX,DTLA
2647,86052.0,LAX,DTLA
2648,86138.0,LAX,DTLA
1438,86229.0,DTLA,LAX
1439,86298.0,DTLA,LAX
1440,86314.0,DTLA,LAX
2649,86336.0,LAX,DTLA
1441,86370.0,DTLA,LAX
1442,86400.0,DTLA,LAX
